,Company Name,NSE,Dec-08,Mar-10,Mar-11,Mar-12,Mar-13,Mar-14,Mar-15,Mar-16,Mar-17,Mar-18,Mar-19,Mar-20,Mar-09,Sep-20,Dec-09,Dec-10,Dec-11,Dec-12,Dec-13,Dec-14,Dec-15,Dec-16,Dec-17,Dec-18,Dec-19,Jun-20,Nov-08,Nov-09,Mar-08,Sep-13,Sep-08,Sep-09,Jun-09,Jun-10,Jun-11,Jun-12,Jun-13,Jun-14,Jun-15,Sep-10,Sep-11,Sep-12,Mar-04,Jun-16,Jun-17,Jun-18,Jun-19,Oct-09,Oct-10,Oct-11,Oct-12,Oct-13,Sep-14,Sep-15,Sep-16,Sep-17,Sep-18,Sep-19,Dec-06
0,3M India,3MINDIA,477,610,751,921,1063,1088,1128,1429,1932,2135,2494,2653,,,,,,,,,,,,,,,,,,,,,,,,,,,,,,,,,,,,,,,,,,,,,,,
1,Aarti Ind,AARTIIND,,1160,1322,1568,2073,2565,2819,2836,3341,4182,5628,6089,1041,,,,,,,,,,,,,,,,,,,,,,,,,,,,,,,,,,,,,,,,,,,,,,
2,AAVAS Financier,AAVAS,,,,,,,,1711,2451,4040,5627,7658,,8467,,,,,,,,,,,,,,,,,,,,,,,,,,,,,,,,,,,,,,,,,,,,,
3,AB Capital,ABCAPITAL,,506,643,695,975,1529,2192,3146,5155,8084,8907,9626,4,9670,,,,,,,,,,,,,,,,,,,,,,,,,,,,,,,,,,,,,,,,,,,,,
4,ABB India,ABB,5444,,,,,,,,,,,,,,5556,5771,6295,6470,7050,6822,7409,7731,8888,9077,7701,7354,,,,,,,,,,,,,,,,,,,,,,,,,,,,,,,,,
5,Abbott India,ABBOTINDIA,,,,,,1139,1374,1616,2066,2416,2941,3547,,,,453,797,907,,,,,,,,,351,388,,,,,,,,,,,,,,,,,,,,,,,,,,,,,,,
6,ACC,ACC,8511,,,,,,,,,,,,,,10046,11101,11989,11926,12094,12671,12841,13440,14889,16025,17082,17365,,,,,,,,,,,,,,,,,,,,,,,,,,,,,,,,,
7,Adani Enterpris,ADANIENT,,7463,11614,14172,20303,22557,22641,14404,14658,15411,14673,13886,6698,12274,,,,,,,,,,,,,,,,,,,,,,,,,,,,,,,,,,,,,,,,,,,,,
8,Adani Ports,ADANIPORTS,,8039,8509,13177,18255,20904,25807,31129,39248,40834,47424,51813,6495,60633,,,,,,,,,,,,,,,,,,,,,,,,,,,,,,,,,,,,,,,,,,,,,
9,Adani Power,ADANIPOWER,,16818,25629,36108,37975,38779,37726,45543,41757,19702,28928,22530,7826,23144,,,,,,,,,,,,,,,,,,,,,,,,,,,,,,,,,,,,,,,,,,,,,
10,Adani Trans,ADANITRANS,,,,,,0,3711,7621,10779,12247,12811,12934,,11624,,,,,,,,,,,,,,,,,,,,,,,,,,,,,,,,,,,,,,,,,,,,,
11,Aditya Birla F,ABFRL,,1,2,4,2882,2153,2142,4582,5036,5734,6621,9689,,,,,,,,,,,,,,,,,,,,,,,,,,,,,,,,,,,,,,,,,,,,,,,
12,Advanced Enzyme,ADVENZYMES,,104,150,192,233,228,223,261,318,373,376,423,92,,,,,,,,,,,,,,,,,,,,,,,,,,,,,,,,,,,,,,,,,,,,,,
13,Aegis Logistics,AEGISCHEM,,323,390,457,544,600,596,606,1136,1258,1255,1726,283,1881,,,,,,,,,,,,,,,,,,,,,,,,,,,,,,,,,,,,,,,,,,,,,
14,AFL,ARVINDFASN,,,,,,,,0,1173,1517,1837,2034,,,,,,,,,,,,,,,,,,,,,,,,,,,,,,,,,,,,,,,,,,,,,,,
15,AGL,ADANIGAS,,,,,,,,1434,1660,2812,2058,2486,,2760,,,,,,,,,,,,,,,,,,,,,,,,,,,,,,,,,,,,,,,,,,,,,
16,AIA Engineering,AIAENG,,1097,976,1142,1430,1691,2023,2425,2839,3206,3609,3994,969,4342,,,,,,,,,,,,,,,,,,,,,,,,,,,,,,,,,,,,,,,,,,,,,
17,Ajanta Pharma,AJANTPHARM,,459,473,617,675,880,1086,1414,1749,2292,2522,3049,446,3487,,,,,,,,,,,,,,,,,,,,,,,,,,,,,,,,,,,,,,,,,,,,,
18,Akzo Nobel,AKZOINDIA,,1373,1540,2208,2305,2039,1799,2043,1884,2231,2097,2325,1332,,,,,,,,,,,,,,,,,,,,,,,,,,,,,,,,,,,,,,,,,,,,,,
19,Alembic Pharma,APLLTD,,,816,991,999,1162,1511,2182,2509,3678,4549,5879,,6437,,,,,,,,,,,,,,,,,,,,,,,,,,,,,,,,,,,,,,,,,,,,,
20,Alkem Lab,ALKEM,,1559,2571,3166,4011,4202,4861,4822,5898,6814,7292,9104,1595,,,,,,,,,,,,,,,,,,,,,,,,,,,,,,,,,,,,,,,,,,,,,,
21,Alkyl Amines,ALKYLAMINE,,234,249,273,332,388,402,406,512,637,749,783,251,,,,,,,,,,,,,,,,,,,,,,,,,,,,,,,,,,,,,,,,,,,,,,
22,Allcargo,ALLCARGO,794,,,1967,1998,1930,1845,1729,1919,1830,2124,2875,,,1015,1449,,,,,,,,,,,,,,,,,,,,,,,,,,,,,,,,,,,,,,,,,,,
23,Alok Industries,ALOKINDS,,12177,14267,18237,,,29352,32692,32362,18579,17900,17802,9160,,,,,,,,,,,,,,,,7888,25503,,,,,,,,,,,,,,,,,,,,,,,,,,,,,
24,Amara Raja Batt,AMARAJABAT,,976,1116,1352,1770,1984,2386,2951,3585,4169,4496,5001,894,5463,,,,,,,,,,,,,,,,,,,,,,,,,,,,,,,,,,,,,,,,,,,,,
25,Amber Enterpris,AMBER,,,,407,688,794,937,1046,1175,1496,2084,2521,,,,,,,,,,,,,,,,,,,,,,,,,,,,,,,,,,,,,,,,,,,,,,,
26,Ambuja Cements,AMBUJACEM,7816,,,,,,,,,,,,,,8864,10320,11542,12313,12965,13901,14162,23353,24627,25187,26991,27888,,,,,,,,,,,,,,,,,,,,,,,,,,,,,,,,,
27,APL Apollo,APLAPOLLO,,338,457,556,733,826,858,1068,1838,2143,2577,2574,341,2768,,,,,,,,,,,,,,,,,,,,,,,,,,,,,,,,,,,,,,,,,,,,,
28,Apollo Hospital,APOLLOHOSP,,2830,3155,3493,4354,4857,5820,6838,7193,7812,8428,10144,2233,,,,,,,,,,,,,,,,,,,,,,,,,,,,,,,,,,,,,,,,,,,,,,
29,Apollo Tyres,APOLLOTYRE,,3926,5249,5766,5866,6112,6121,7520,9876,13143,13649,16482,2763,17709,,,,,,,,,,,,,,,,,,,,,,,,,,,,,,,,,,,,,,,,,,,,,
30,Ashok Leyland,ASHOKLEY,,9294,10593,11916,13097,12808,13311,12774,14040,17336,18224,16390,7836,,,,,,,,,,,,,,,,,,,,,,,,,,,,,,,,,,,,,,,,,,,,,,
31,Ashoka Buildcon,ASHOKA,,1130,1555,1906,2076,2210,2666,3070,3450,3927,5309,5312,844,,,,,,,,,,,,,,,,,,,,,,,,,,,,,,,,,,,,,,,,,,,,,,
32,Asian Paints,ASIANPAINT,,3134,3855,4796,5646,6720,7274,8725,10358,11588,13683,13588,2175,14795,,,,,,,,,,,,,,,,,,,,,,,,,,,,,,,,,,,,,,,,,,,,,
33,Aster DM Health,ASTERDM,,,,,499,768,1105,3021,3224,3293,3376,3552,,,,,,,,,,,,,,,,,,,,,,,,,,,,,,,,,,,,,,,,,,,,,,,
34,Astral Poly Tec,ASTRAL,,261,326,475,539,684,1052,1224,1317,1431,1785,1942,197,,,,,,,,,,,,,,,,,,,,,,,,,,,,,,,,,,,,,,,,,,,,,,
35,AstraZeneca,ASTRAZEN,288,,309,345,306,416,412,403,415,461,562,706,,720,234,,,,,,,,,,,,,,,,,,,,,,,,,,,,,,,,,,,,,,,,,,,,
36,Atul,ATUL,,1122,1246,1440,1527,1776,1762,2381,2620,2919,3346,3849,1061,4261,,,,,,,,,,,,,,,,,,,,,,,,,,,,,,,,,,,,,,,,,,,,,
37,AU Small Financ,AUBANK,,245,593,1157,3113,2959,3980,6273,9781,18833,32623,42143,,,,,,,,,,,,,,,,,,,,,,,,,,,,,,,,,,,,,,,,,,,,,,,
38,Aurobindo Pharm,AUROPHARMA,,4594,5841,5991,6825,8576,10226,12566,13023,15794,18141,19535,4034,,,,,,,,,,,,,,,,,,,,,,,,,,,,,,,,,,,,,,,,,,,,,,
39,Avanti Feeds,AVANTIFEED,,116,143,183,242,392,472,606,862,1268,1277,1453,119,,,,,,,,,,,,,,,,,,,,,,,,,,,,,,,,,,,,,,,,,,,,,,
40,Avenue Supermar,DMART,,679,1000,1187,1490,1791,2348,3082,5802,5612,6998,12084,493,12446,,,,,,,,,,,,,,,,,,,,,,,,,,,,,,,,,,,,,,,,,,,,,
41,Axis Bank,AXISBANK,,180648,242713,285628,340561,383245,461932,539821,601468,691330,800997,915165,147722,,,,,,,,,,,,,,,,,,,,,,,,,,,,,,,,,,,,,,,,,,,,,,
42,Bajaj Auto,BAJAJ-AUTO,,7126,9248,11084,12479,14748,15562,16486,20815,23819,27380,24773,5881,27608,,,,,,,,,,,,,,,,,,,,,,,,,,,,,,,,,,,,,,,,,,,,,
43,Bajaj Consumer,BAJAJCON,,55,458,494,556,582,570,567,592,617,622,835,75,905,,,,,,,,,,,,,,,,,,,,,,,,,,,,,,,,,,,,,,,,,,,,,
44,Bajaj Electric,BAJAJELEC,,1339,1766,1952,2157,2685,2822,2960,3087,3473,5160,4559,1032,,,,,,,,,,,,,,,,,,,,,,,,,,,,,,,,,,,,,,,,,,,,,,
45,Bajaj Finance,BAJFINANCE,,4593,8522,12929,17806,24618,32780,46973,63730,81615,108500,138004,3016,135694,,,,,,,,,,,,,,,,,,,,,,,,,,,,,,,,,,,,,,,,,,,,,
46,Bajaj Finserv,BAJAJFINSV,,1566,1453,1505,2481,2537,2640,2747,2814,2927,3193,3600,1595,3649,,,,,,,,,,,,,,,,,,,,,,,,,,,,,,,,,,,,,,,,,,,,,
47,Bajaj Holdings,BAJAJHLDNG,,4279,5088,5294,5609,5972,6457,6970,7402,10289,11046,10926,5480,12349,,,,,,,,,,,,,,,,,,,,,,,,,,,,,,,,,,,,,,,,,,,,,
48,Balkrishna Ind,BALKRISIND,,1572,2098,3116,3989,4874,5315,5382,5756,5845,6430,6731,1272,,,,,,,,,,,,,,,,,,,,,,,,,,,,,,,,,,,,,,,,,,,,,,
49,Balmer Lawrie,BALMLAWRIE,,935,1064,1162,1273,1438,1450,1593,1794,1852,1883,1883,853,,,,,,,,,,,,,,,,,,,,,,,,,,,,,,,,,,,,,,,,,,,,,,
50,Balrampur Chini,BALRAMCHIN,,,3812,4209,4226,4157,3903,3697,3995,3661,4657,4749,,3385,,,,,,,,,,,,,,,,,2767,2609,,,,,,,,,,,,,,,,,,,,,,,,,,,
51,Bandhan Bank,BANDHANBNK,,,,,,,,,30236,44310,56442,91718,,,,,,,,,,,,,,,,,,,,,,,,,,,,,,,,,,,,,,,,,,,,,,,
52,Bank of Baroda,BANKBARODA,,278317,358397,447321,547135,659505,714989,671376,694875,720000,780987,1157916,226672,,,,,,,,,,,,,,,,,,,,,,,,,,,,,,,,,,,,,,,,,,,,,,
53,Bank of India,BANKINDIA,,274951,351161,384527,452523,573064,618568,609914,626309,609575,625220,656994,225502,,,,,,,,,,,,,,,,,,,,,,,,,,,,,,,,,,,,,,,,,,,,,,
54,Bank of Mah,MAHABANK,,71056,76442,91137,116953,136320,146019,160957,159324,156329,164536,168867,59030,,,,,,,,,,,,,,,,,,,,,,,,,,,,,,,,,,,,,,,,,,,,,,
55,BASF,BASF,,1271,1794,2194,2806,4034,4168,3777,3875,3846,3849,4589,649,4620,,,,,,,,,,,,,,,,,,,,,,,,,,,,,,,,,,,,,,,,,,,,,
56,Bata India,BATAINDIA,584,,,,,,1637,1730,1923,2145,2479,3735,,,616,811,924,1130,1383,,,,,,,,,,,,,,,,,,,,,,,,,,,,,,,,,,,,,,,,
57,Bayer CropScien,BAYERCROP,,1070,1560,1841,2415,2387,2773,2437,2825,2535,3549,3836,937,,,,,,,,,,,,,,,,,,,,,,,,,,,,,,,,,,,,,,,,,,,,,,
58,BEML,BEML,,4400,4245,4944,5215,4819,4635,4413,4746,4733,5074,5161,4150,,,,,,,,,,,,,,,,,,,,,,,,,,,,,,,,,,,,,,,,,,,,,,
59,Berger Paints,BERGEPAINT,,977,1219,1510,1839,2161,2310,2512,3087,3505,4034,4343,749,4725,,,,,,,,,,,,,,,,,,,,,,,,,,,,,,,,,,,,,,,,,,,,,
60,Bharat Dynamics,BDL,,,,,,,8412,9641,8407,6657,5523,5750,,,,,,,,,,,,,,,,,,,,,,,,,,,,,,,,,,,,,,,,,,,,,,,
61,Bharat Elec,BEL,,9409,13162,14858,14449,14531,15202,18125,17157,18856,20463,23911,8599,,,,,,,,,,,,,,,,,,,,,,,,,,,,,,,,,,,,,,,,,,,,,,
62,Bharat Forge,BHARATFORG,,4447,4464,5328,5113,5698,6376,7179,7677,8366,9939,9717,4149,,,,,,,,,,,,,,,,,,,,,,,,,,,,,,,,,,,,,,,,,,,,,,
63,Bharti Airtel,BHARTIARTL,,54723,71583,80324,87883,98204,126424,185028,191638,204937,222908,300373,49110,280036,,,,,,,,,,,,,,,,,,,,,,,,,,,,,,,,,,,,,,,,,,,,,
64,Bharti Infratel,INFRATEL,,17400,18218,17985,21894,22348,22222,21182,21463,20204,18084,20477,17820,18498,,,,,,,,,,,,,,,,,,,,,,,,,,,,,,,,,,,,,,,,,,,,,
65,BHEL,BHEL,,48544,59260,66834,70183,72878,68604,65419,61580,64184,64987,61814,41473,,,,,,,,,,,,,,,,,,,,,,,,,,,,,,,,,,,,,,,,,,,,,,
66,Biocon,BIOCON,,2264,2604,2820,3013,3218,3333,7098,7469,7727,8240,8311,1876,8454,,,,,,,,,,,,,,,,,,,,,,,,,,,,,,,,,,,,,,,,,,,,,
67,Birla Corp,BIRLACORPN,,3010,3603,4071,4525,4879,4991,5228,6417,7665,7800,7856,2038,7846,,,,,,,,,,,,,,,,,,,,,,,,,,,,,,,,,,,,,,,,,,,,,
68,Birlasoft,BSOFT,,589,804,929,1331,1655,1710,1691,1920,2101,1664,1673,531,1701,,,,,,,,,,,,,,,,,,,,,,,,,,,,,,,,,,,,,,,,,,,,,
69,Bliss GVS,BLISSGVS,,159,213,270,456,486,555,585,666,694,736,855,127,891,,,,,,,,,,,,,,,,,,,,,,,,,,,,,,,,,,,,,,,,,,,,,
70,Blue Dart,BLUEDART,509,,,,1040,931,974,1154,1252,1226,1370,1561,,1647,576,692,837,,,,,,,,,,,,,,,,,,,,,,,,,,,,,,,,,,,,,,,,,,
71,Blue Star,BLUESTARCO,,1626,2259,2051,2100,2251,2193,2533,2620,3199,3240,3314,1275,2966,,,,,,,,,,,,,,,,,,,,,,,,,,,,,,,,,,,,,,,,,,,,,
72,Bombay Burmah,BBTC,,417,492,472,501,513,674,650,706,699,726,792,471,,,,,,,,,,,,,,,,,,,,,,,,,,,,,,,,,,,,,,,,,,,,,,
73,Bombay Dyeing,BOMDYEING,,2312,2676,3588,3785,3764,3993,4393,3638,4147,5178,4810,2429,5166,,,,,,,,,,,,,,,,,,,,,,,,,,,,,,,,,,,,,,,,,,,,,
74,Bosch,BOSCHLTD,4553,,,,,,10431,12433,11800,13927,12710,13320,,,4990,6238,7131,7902,8891,,,,,,,,,,,,,,,,,,,,,,,,,,,,,,,,,,,,,,,,
75,BPCL,BPCL,,53272,55876,65607,66972,72127,69745,75357,91990,100131,115627,126469,47370,126503,,,,,,,,,,,,,,,,,,,,,,,,,,,,,,,,,,,,,,,,,,,,,
76,Brigade Ent,BRIGADE,,1988,2382,2628,2752,2953,3563,4829,4721,5756,7460,7666,1744,,,,,,,,,,,,,,,,,,,,,,,,,,,,,,,,,,,,,,,,,,,,,,
77,Britannia,BRITANNIA,,1328,1482,1672,1683,1844,2462,3100,3696,4627,5653,7253,1273,6892,,,,,,,,,,,,,,,,,,,,,,,,,,,,,,,,,,,,,,,,,,,,,
78,Cadila Health,CADILAHC,,2871,3462,4754,5552,6243,7337,8923,11047,12164,13671,16552,2577,17496,,,,,,,,,,,,,,,,,,,,,,,,,,,,,,,,,,,,,,,,,,,,,
79,Can Fin Homes,CANFINHOME,,2192,2269,2716,4067,5912,8334,10756,13379,15730,18729,21044,1951,20899,,,,,,,,,,,,,,,,,,,,,,,,,,,,,,,,,,,,,,,,,,,,,
80,Canara Bank,CANBK,,264741,335945,374160,412343,491922,548001,552961,583519,616886,694767,723875,219646,,,,,,,,,,,,,,,,,,,,,,,,,,,,,,,,,,,,,,,,,,,,,,
81,Caplin Labs,CAPLIPOINT,,,,,,,,263,317,411,539,691,,793,,,,,,,,,,,,,,,,,,,61,61,71,104,128,174,223,,,,,,,,,,,,,,,,,,,,
82,Capri Global,CGCL,,277,779,825,892,970,1133,1304,1965,2789,3532,3604,228,,,,,,,,,,,,,,,,,,,,,,,,,,,,,,,,,,,,,,,,,,,,,,
83,Carborundum,CARBORUNIV,,879,943,1000,1019,1047,1146,1270,1297,1436,1526,1573,886,1668,,,,,,,,,,,,,,,,,,,,,,,,,,,,,,,,,,,,,,,,,,,,,
84,CARE Ratings,CARERATING,,244,332,428,505,578,445,499,586,656,606,603,158,636,,,,,,,,,,,,,,,,,,,,,,,,,,,,,,,,,,,,,,,,,,,,,
85,Castrol,CASTROLIND,947,,,,,,,,,,,,,,1176,1337,1393,1480,1615,1492,1662,1888,1977,2107,2229,2149,,,,,,,,,,,,,,,,,,,,,,,,,,,,,,,,,
86,CCL Products,CCL,,403,420,455,515,546,596,635,705,982,1213,1348,403,1348,,,,,,,,,,,,,,,,,,,,,,,,,,,,,,,,,,,,,,,,,,,,,
87,Ceat,CEATLTD,,2093,2799,3023,3062,3372,3636,3893,4543,4769,6062,6958,1657,7367,,,,,,,,,,,,,,,,,,,,,,,,,,,,,,,,,,,,,,,,,,,,,
88,Central Bank,CENTRALBK,,182672,209757,229800,268130,289496,311940,305466,333402,326225,330718,356436,147655,,,,,,,,,,,,,,,,,,,,,,,,,,,,,,,,,,,,,,,,,,,,,,
89,Century,CENTURYTEX,,5758,6388,7292,8262,9292,10076,10193,10336,10331,6179,6543,4553,6463,,,,,,,,,,,,,,,,,,,,,,,,,,,,,,,,,,,,,,,,,,,,,
90,CenturyPlyboard,CENTURYPLY,,533,629,782,838,917,1050,1142,1555,1659,1767,1629,429,,,,,,,,,,,,,,,,,,,,,,,,,,,,,,,,,,,,,,,,,,,,,,
91,Cera Sanitary,CERA,,191,239,295,380,453,644,747,861,949,1089,1126,163,,,,,,,,,,,,,,,,,,,,,,,,,,,,,,,,,,,,,,,,,,,,,,
92,CESC,CESC,,11093,11732,12727,14899,16329,18918,27341,28447,26030,26089,26952,10165,,,,,,,,,,,,,,,,,,,,,,,,,,,,,,,,,,,,,,,,,,,,,,
93,CG Consumer,CROMPTON,,,,,,,1,1653,2113,2425,2670,2744,,3104,,,,,,,,,,,,,,,,,,,,,,,,,,,,,,,,,,,,,,,,,,,,,
94,Chalet Hotels,CHALET,,,,,,,,3367,3563,3691,3595,3906,,,,,,,,,,,,,,,,,,,,,,,,,,,,,,,,,,,,,,,,,,,,,,,
95,Chambal Fert,CHAMBLFERT,,4653,4811,6320,8441,7776,7274,7952,8047,9436,13846,14567,5271,14241,,,,,,,,,,,,,,,,,,,,,,,,,,,,,,,,,,,,,,,,,,,,,
96,Chennai Petro,CHENNPETRO,,9933,12257,14967,14121,13966,10983,10358,11496,14198,13955,12669,7282,15396,,,,,,,,,,,,,,,,,,,,,,,,,,,,,,,,,,,,,,,,,,,,,
97,Cholamandalam,CHOLAFIN,,6941,9678,13430,18185,21547,23873,27888,30595,44090,57426,63993,6937,70548,,,,,,,,,,,,,,,,,,,,,,,,,,,,,,,,,,,,,,,,,,,,,
98,Cholamandalam,CHOLAHLDNG,,2048,2377,2648,3138,3375,3563,4178,971,1023,1068,1322,1578,1315,,,,,,,,,,,,,,,,,,,,,,,,,,,,,,,,,,,,,,,,,,,,,
99,Cipla,CIPLA,,7313,8448,8993,11493,12924,15192,15239,15607,17095,18419,20406,6665,,,,,,,,,,,,,,,,,,,,,,,,,,,,,,,,,,,,,,,,,,,,,,
100,City Union Bank,CUB,,11554,14584,18333,22977,24994,27871,31804,35271,39937,45259,49734,9249,,,,,,,,,,,,,,,,,,,,,,,,,,,,,,,,,,,,,,,,,,,,,,
101,Coal India,COALINDIA,,23970,27678,30714,34038,23489,22151,21380,18886,18465,19058,22417,22256,,,,,,,,,,,,,,,,,,,,,,,,,,,,,,,,,,,,,,,,,,,,,,
102,Cochin Shipyard,COCHINSHIP,,2427,2557,2609,2401,2987,2891,3349,3321,5482,5248,6409,2568,,,,,,,,,,,,,,,,,,,,,,,,,,,,,,,,,,,,,,,,,,,,,,
103,COFORGE LTD.,COFORGE,,611,737,850,1016,1221,1455,1537,1614,1785,1986,2346,606,2100,,,,,,,,,,,,,,,,,,,,,,,,,,,,,,,,,,,,,,,,,,,,,
104,Colgate,COLPAL,,883,1034,1130,1307,1493,1702,2003,2311,2564,2626,2604,772,2893,,,,,,,,,,,,,,,,,,,,,,,,,,,,,,,,,,,,,,,,,,,,,
105,Container Corp,CONCOR,,5183,5757,6498,7251,8050,8691,9430,9941,10706,12607,11567,4578,11795,,,,,,,,,,,,,,,,,,,,,,,,,,,,,,,,,,,,,,,,,,,,,
106,Coromandel Int,COROMANDEL,,4391,5224,7306,7347,7062,8309,9046,8563,9873,10647,10218,4682,9578,,,,,,,,,,,,,,,,,,,,,,,,,,,,,,,,,,,,,,,,,,,,,
107,CreditAccess Gr,CREDITACC,,,,,543,1058,1727,2808,3564,5114,7357,10662,,,,,,,,,,,,,,,,,,,,,,,,,,,,,,,,,,,,,,,,,,,,,,,
108,CRISIL,CRISIL,487,,,,,,,,,,,,,,580,534,603,678,900,1032,993,1089,1116,1131,1112,,,,,,,,,,,,,,,,,,,,,,,,,,,,,,,,,,
109,Cummins,CUMMINSIND,,2351,2866,3102,3670,3773,4322,4490,5041,5531,5854,5954,2188,5929,,,,,,,,,,,,,,,,,,,,,,,,,,,,,,,,,,,,,,,,,,,,,
110,Cyient,CYIENT,,968,1023,1197,1384,1622,1841,1922,2163,2401,2580,2673,899,2828,,,,,,,,,,,,,,,,,,,,,,,,,,,,,,,,,,,,,,,,,,,,,
111,Dabur India,DABUR,,1743,2408,2452,2798,3122,3688,4430,5217,5813,5579,6100,1551,6943,,,,,,,,,,,,,,,,,,,,,,,,,,,,,,,,,,,,,,,,,,,,,
112,Dalmia Bharat,DALBHARAT,,,,,,,,,7825,7746,7682,7713,,7320,,,,,,,,,,,,,,,,,,,,,,,,,,,,,,,,,,,,,,,,,,,,,
113,DB Corp,DBCORP,,1281,1379,1573,1673,1766,1902,1953,2089,2460,2399,2491,1101,2352,,,,,,,,,,,,,,,,,,,,,,,,,,,,,,,,,,,,,,,,,,,,,
114,DCB Bank,DCBBANK,,6137,7413,8677,11279,12923,16132,19119,24046,30222,35792,38505,5943,,,,,,,,,,,,,,,,,,,,,,,,,,,,,,,,,,,,,,,,,,,,,,
115,DCM Shriram,DCMSHRIRAM,,3498,3801,4528,4588,4768,4346,4999,5540,5646,7130,8143,3892,7516,,,,,,,,,,,,,,,,,,,,,,,,,,,,,,,,,,,,,,,,,,,,,
116,Deepak Fert,DEEPAKFERT,,1955,2240,2617,2961,3159,3464,4445,3335,3637,3017,2954,1747,3225,,,,,,,,,,,,,,,,,,,,,,,,,,,,,,,,,,,,,,,,,,,,,
117,Deepak Nitrite,DEEPAKNTR,,422,417,703,890,1061,1126,1261,1559,1802,1835,2054,358,1974,,,,,,,,,,,,,,,,,,,,,,,,,,,,,,,,,,,,,,,,,,,,,
118,Delta Corp,DELTACORP,,474,672,717,713,1004,1006,997,1058,1901,2002,1975,387,,,,,,,,,,,,,,,,,,,,,,,,,,,,,,,,,,,,,,,,,,,,,,
119,Dhanuka Agritec,DHANUKA,,296,358,396,420,517,594,657,715,823,835,932,239,1216,,,,,,,,,,,,,,,,,,,,,,,,,,,,,,,,,,,,,,,,,,,,,
120,Dilip Buildcon,DBL,,219,525,1338,1991,2785,4555,5284,6649,8721,10907,11177,,,,,,,,,,,,,,,,,,,,,,,,,,,,,,,,,,,,,,,,,,,,,,,
121,Dish TV,DISHTV,,2874,2687,2634,3155,2773,3157,1741,2013,11309,10825,9476,2095,9461,,,,,,,,,,,,,,,,,,,,,,,,,,,,,,,,,,,,,,,,,,,,,
122,Dishman Carboge,DCAL,,,,,,,12,12,5537,5807,5816,5735,,,,,,,,,,,,,,,,,,,,,,,,,,,,,,,,,,,,,,,,,,,,,,,
123,Divis Labs,DIVISLAB,,1886,2308,2803,3196,3784,4475,4965,6210,6808,8040,8514,1574,,,,,,,,,,,,,,,,,,,,,,,,,,,,,,,,,,,,,,,,,,,,,,
124,Dixon Technolog,DIXON,,227,249,261,259,268,283,328,498,668,1103,1421,,2050,,,,,,,,,,,,,,,,,,,,,,,,,,,,,,,,,,,,,,,,,,,,,
125,DLF,DLF,,28929,34765,36068,36976,37598,35985,29585,28680,32947,37155,42163,25141,41002,,,,,,,,,,,,,,,,,,,,,,,,,,,,,,,,,,,,,,,,,,,,,
126,Dr Lal PathLab,LALPATHLAB,,141,164,170,252,331,449,592,676,896,1067,1318,106,,,,,,,,,,,,,,,,,,,,,,,,,,,,,,,,,,,,,,,,,,,,,,
127,Dr Reddys Labs,DRREDDY,,8242,9263,10341,11989,14508,16456,17585,16447,17100,16248,19476,7174,21473,,,,,,,,,,,,,,,,,,,,,,,,,,,,,,,,,,,,,,,,,,,,,
128,eClerx Services,ECLERX,,247,350,451,559,727,872,1089,1255,1291,1503,1516,213,1412,,,,,,,,,,,,,,,,,,,,,,,,,,,,,,,,,,,,,,,,,,,,,
129,Edelweiss,EDELWEISS,,2943,5033,3854,2159,2275,6509,2578,2668,3532,3797,3682,1939,4444,,,,,,,,,,,,,,,,,,,,,,,,,,,,,,,,,,,,,,,,,,,,,
130,Eicher Motors,EICHERMOT,600,,,,,,,3624,5540,7795,9477,10579,,,551,635,782,1024,1483,2229,,,,,,,,,,,,,,,,,,,,,,,,,,,,,,,,,,,,,,,
131,EID Parry,EIDPARRY,,2125,2082,2444,3635,3829,3895,3730,3440,4042,3885,4069,1871,,,,,,,,,,,,,,,,,,,,,,,,,,,,,,,,,,,,,,,,,,,,,,
132,EIH,EIHOTEL,,3063,3837,3329,3441,3413,3367,3357,3479,3782,3852,3914,2853,3733,,,,,,,,,,,,,,,,,,,,,,,,,,,,,,,,,,,,,,,,,,,,,
133,Emami,EMAMILTD,,1041,1080,1157,1152,1260,1556,2532,2441,2598,2583,2435,904,2440,,,,,,,,,,,,,,,,,,,,,,,,,,,,,,,,,,,,,,,,,,,,,
134,Endurance Techn,ENDURANCE,,1634,1802,1914,1907,1944,1880,2000,2250,2606,2959,2983,,,,,,,,,,,,,,,,,,,,,,,,,,,,,,,,,,,,,,,,,,,,,,,
135,EngineersInd,ENGINERSIN,,2834,3469,3744,3845,3750,3916,4090,4319,4430,4684,5029,2986,,,,,,,,,,,,,,,,,,,,,,,,,,,,,,,,,,,,,,,,,,,,,,
136,EPL,EPL,1219,1169,1160,1320,1258,1265,997,915,957,990,1006,1078,,,,,,,,,,,,,,,,,,,,,,,,,,,,,,,,,,,,,,,,,,,,,,,
137,Equitas Holding,EQUITAS,,753,969,298,436,633,957,964,1676,1817,1806,1745,,,,,,,,,,,,,,,,,,,,,,,,,,,,,,,,,,,,,,,,,,,,,,,
138,Esab India,ESABINDIA,202,,,,,,369,386,428,480,379,459,,362,228,295,292,331,350,,,,,,,,,,,,,,,,,,,,,,,,,,,,,,,,,,,,,,,,
139,Escorts,ESCORTS,,,,,,3528,3448,3292,3513,4269,4997,5312,,6673,,,,,,,,,,,,,,,,,2418,2567,,,,,,,,2905,3137,3473,,,,,,,,,,,,,,,,,
140,Exide Ind,EXIDEIND,,2962,3607,4091,4548,4957,5403,6138,6776,7397,8172,8242,2095,,,,,,,,,,,,,,,,,,,,,,,,,,,,,,,,,,,,,,,,,,,,,,
141,FDC,FDC,,673,761,851,959,1051,1140,1259,1459,1488,1625,1806,539,,,,,,,,,,,,,,,,,,,,,,,,,,,,,,,,,,,,,,,,,,,,,,
142,Federal Bank,FEDERALBNK,,43676,51456,60627,71033,74594,82850,94581,114977,138314,159340,180638,38851,,,,,,,,,,,,,,,,,,,,,,,,,,,,,,,,,,,,,,,,,,,,,,
143,Fine Organics,FINEORG,,144,,,,,,,454,542,709,862,,917,,,,,,,,,,,,,,,,,,,,,,,,,,,,,,,,,,,,,,,,,,,,,
144,Finolex Cables,FINCABLES,,1143,1220,1216,1404,1564,1634,1918,2176,2476,2769,3012,1086,,,,,,,,,,,,,,,,,,,,,,,,,,,,,,,,,,,,,,,,,,,,,,
145,Finolex Ind,FINPIPE,,1883,1910,2083,2001,1936,1859,2349,2955,3455,3273,2815,1633,3064,,,,,,,,,,,,,,,,,,,,,,,,,,,,,,,,,,,,,,,,,,,,,
146,Firstsource Sol,FSL,,2270,2452,2293,1620,1769,1963,2056,2268,2249,2372,2366,2422,2526,,,,,,,,,,,,,,,,,,,,,,,,,,,,,,,,,,,,,,,,,,,,,
147,Force Motors,FORCEMOT,,788,1048,1664,1708,1772,1972,2301,2600,2519,2836,3107,773,,,,,,,,,,,,,,,,,,,,,,,,,,,,,,,,,,,,,,,,,,,,,,
148,Fortis Health,FORTIS,,2914,3574,4498,4478,5160,5159,5039,5161,5016,10120,10581,1209,,,,,,,,,,,,,,,,,,,,,,,,,,,,,,,,,,,,,,,,,,,,,,
149,Future Consumer,FCONSUMER,,579,835,1567,1012,1017,1552,1264,1688,2086,2388,2295,356,,,,,,,,,,,,,,,,,,,,,,,,,,,,,,,,,,,,,,,,,,,,,,
150,Future Retail,FRETAIL,,,,,,517,458,5585,6938,8194,10528,21279,,,,,,496,,,,,,,,,,,,,,,,,,,,,,,,,,,,,,,,,,,,,,,,,
151,GAIL,GAIL,,30047,32011,36178,44705,49834,52917,55797,55357,58101,64398,68553,25450,,,,,,,,,,,,,,,,,,,,,,,,,,,,,,,,,,,,,,,,,,,,,,
152,Galaxy Surfacta,GALAXYSURF,,,,810,822,854,878,963,1100,1238,1307,1389,,,,,,,,,,,,,,,,,,,,,,,,,,,,,,,155,,,,,,,,,,,,,,,,
153,Garden Reach Sh,GRSE,,,,,,,,,,4323,4191,5390,,,,,,,,,,,,,,,,,,,,,,,,,,,,,,,,,,,,,,,,,,,,,,,
154,Garware Technic,GARFIBRES,,478,529,573,562,599,699,821,841,984,1077,1204,443,1319,,,,,,,,,,,,,,,,,,,,,,,,,,,,,,,,,,,,,,,,,,,,,
155,Gateway Distri,GDL,,739,756,761,711,717,797,850,895,886,1444,1373,700,1381,,,,,,,,,,,,,,,,,,,,,,,,,,,,,,,,,,,,,,,,,,,,,
156,GE Power India,GEPIL,,2821,2863,2745,2720,3115,3067,3586,3868,3915,3562,3373,2739,,,,,,,,,,,,,,,,,,,,,,,,,,,,,,,,,,,,,,,,,,,,,,
157,GE Shipping,GESHIP,,9604,9608,9925,9745,9390,9336,8855,10748,10538,10341,10006,8788,10469,,,,,,,,,,,,,,,,,,,,,,,,,,,,,,,,,,,,,,,,,,,,,
158,General Insuran,GICRE,,,49729,53731,56566,63002,73455,74177,94949,109672,118884,116196,,,,,,,,,,,,,,129291,,,,,,,,,,,,,,,,,,,,,,,,,,,,,,,,,
159,Gillette India,GILLETTE,,,,,,,,,,,,,,,,,,,,,,,,,,1352,,,,,,,646,833,833,1043,1039,1054,1210,,,,,1424,998,1209,1210,,,,,,,,,,,,
160,GlaxoSmithKline,GLAXO,2273,,,,,,3236,3071,3021,3965,3909,3134,,2737,2464,2783,3011,3090,3150,,,,,,,,,,,,,,,,,,,,,,,,,,,,,,,,,,,,,,,,
161,Glenmark,GLENMARK,,2767,3374,3169,3886,4230,7651,10113,14001,15265,17143,18952,2567,,,,,,,,,,,,,,,,,,,,,,,,,,,,,,,,,,,,,,,,,,,,,,
162,GMM Pfaudler,GMMPFAUDLR,,133,158,162,162,186,190,196,249,286,345,431,137,514,,,,,,,,,,,,,,,,,,,,,,,,,,,,,,,,,,,,,,,,,,,,,
163,GMR Infra,GMRINFRA,,8495,9932,10790,12150,14322,15187,16636,13441,26407,22293,24282,6141,,,,,,,,,,,,,,,,,,,,,,,,,,,,,,,,,,,,,,,,,,,,,,
164,GNFC,GNFC,,3288,4262,5689,7022,9270,8488,8509,7903,7172,7542,8344,2974,,,,,,,,,,,,,,,,,,,,,,,,,,,,,,,,,,,,,,,,,,,,,,
165,Godfrey Phillip,GODFRYPHLP,,1058,1357,1637,1788,1908,2044,2041,2080,2316,2644,3097,978,,,,,,,,,,,,,,,,,,,,,,,,,,,,,,,,,,,,,,,,,,,,,,
166,Godrej Agrovet,GODREJAGRO,,663,784,919,1224,1544,1694,2383,2394,2565,2885,3243,665,3316,,,,,,,,,,,,,,,,,,,,,,,,,,,,,,,,,,,,,,,,,,,,,
167,Godrej Consumer,GODREJCP,,1187,2327,3579,4088,4486,4922,5126,6162,6624,6665,6941,875,7626,,,,,,,,,,,,,,,,,,,,,,,,,,,,,,,,,,,,,,,,,,,,,
168,Godrej Ind,GODREJIND,,1882,2230,2618,3131,3640,4271,4712,4877,4985,5313,5022,1872,,,,,,,,,,,,,,,,,,,,,,,,,,,,,,,,,,,,,,,,,,,,,,
169,Godrej Prop,GODREJPROP,,1434,1992,2880,2767,4175,4579,5348,6108,7218,7777,9814,833,10461,,,,,,,,,,,,,,,,,,,,,,,,,,,,,,,,,,,,,,,,,,,,,
170,Granules India,GRANULES,,359,386,507,617,856,1107,1568,1855,2639,2824,3146,345,3424,,,,,,,,,,,,,,,,,,,,,,,,,,,,,,,,,,,,,,,,,,,,,
171,Graphite India,GRAPHITE,,1755,2058,2454,2705,2620,2448,2312,2403,3496,5943,4642,1698,,,,,,,,,,,,,,,,,,,,,,,,,,,,,,,,,,,,,,,,,,,,,,
172,Grasim,GRASIM,,9318,10007,11036,13066,13878,14365,17796,19851,53718,51794,49495,16015,,,,,,,,,,,,,,,,,,,,,,,,,,,,,,,,,,,,,,,,,,,,,,
173,Greaves Cotton,GREAVESCOT,,,981,1092,1180,1200,1119,1173,1246,1342,1409,1290,,1176,,,,,,,,,,,,,,,,,,,718,874,,,,,,,,,,,,,,,,,,,,,,,,,
174,Grindwell Norto,GRINDWELL,455,528,598,718,753,808,910,1063,1189,1318,1423,1568,,1559,,,,,,,,,,,,,,,,,,,,,,,,,,,,,,,,,,,,,,,,,,,,,
175,GSFC,GSFC,,3792,4333,5566,6918,6545,6452,8337,9028,10240,10351,10024,3322,10296,,,,,,,,,,,,,,,,,,,,,,,,,,,,,,,,,,,,,,,,,,,,,
176,Guj Alkali,GUJALKALI,,2533,2627,2826,2904,2831,2988,3895,4437,4972,5532,5893,2396,,,,,,,,,,,,,,,,,,,,,,,,,,,,,,,,,,,,,,,,,,,,,,
177,Guj Heavy Chem,GHCL,,2896,2931,2776,2899,2878,2791,2908,3468,3625,4004,4201,2984,3989,,,,,,,,,,,,,,,,,,,,,,,,,,,,,,,,,,,,,,,,,,,,,
178,Guj Mineral,GMDCLTD,,2983,2639,3220,3710,3952,4188,4676,5088,5444,5177,5177,2881,,,,,,,,,,,,,,,,,,,,,,,,,,,,,,,,,,,,,,,,,,,,,,
179,Guj State Petro,GSPL,,3797,4114,4469,5253,5403,5540,5846,5833,8949,8950,9103,3014,,,,,,,,,,,,,,,,,,,,,,,,,,,,,,,,,,,,,,,,,,,,,,
180,Gujarat Fluoro,FLUOROCHEM,,,,,,,,,,,4831,5957,,,,,,,,,,,,,,,,,,,,,,,,,,,,,,,,,,,,,,,,,,,,,,,
181,Gujarat Gas,GUJGASLTD,,,,,1850,6654,6896,6050,6348,6633,7127,7897,,8123,,,,,,,,,,,,,,,,,,,,,,,,,,,,,,,,,,,,,,,,,,,,,
182,Gujarat Pipavav,GPPL,1342,,,,,,1991,2279,2351,2310,2369,2426,,,1553,1658,1584,1663,1867,,,,,,,,,,,,,,,,,,,,,,,,,,,,,,,,,,,,,,,,
183,Gulf Oil Lubric,GULFOILLUB,,,,0,0,34,565,649,738,1029,1142,1447,0,,,,,,,,,,,,,,,,,,,,,,,,,,,,,,,,,,,,,,,,,,,,,,
184,Hathway Cable,HATHWAY,,1520,1337,1270,1862,2373,2582,3338,2101,2176,5558,5517,1115,4638,,,,,,,,,,,,,,,,,,,,,,,,,,,,,,,,,,,,,,,,,,,,,
185,Havells India,HAVELLS,,1711,2170,2647,2858,3398,3649,4089,4960,6541,7126,7048,1387,8259,,,,,,,,,,,,,,,,,,,,,,,,,,,,,,,,,,,,,,,,,,,,,
186,HCL Tech,HCLTECH,,,,,,,,26588,32371,32818,37456,53515,,51986,,,,,,,,,,,,,,,,,,,6596,8489,9065,10877,15959,21814,24915,,,,,,,,,,,,,,,,,,,,
187,HDFC,HDFC,,116641,139242,167520,195361,225432,253952,288877,337306,398910,458778,524094,101657,541312,,,,,,,,,,,,,,,,,,,,,,,,,,,,,,,,,,,,,,,,,,,,,
188,HDFC AMC,HDFCAMC,,,,,,,,1423,1600,2472,3224,4309,,4332,,,,,,,,,,,,,,,,,,,,,,,,,,,,,,,,,,,,,,,,,,,,,
189,HDFC Bank,HDFCBANK,,222459,277353,337910,400332,491600,590503,740796,863840,1063934,1244541,1530511,183271,,,,,,,,,,,,,,,,,,,,,,,,,,,,,,,,,,,,,,,,,,,,,,
190,HDFC Life,HDFCLIFE,,,,,41918,52275,69309,76549,95106,110481,130005,132162,,155451,,,,,,,,,,,,,,,,,,,,,,,,,,,,,,,,,,,,,,,,,,,,,
191,HEG,HEG,,1695,1958,2358,2618,2430,2173,1878,1772,2640,5070,4350,1691,,,,,,,,,,,,,,,,,,,,,,,,,,,,,,,,,,,,,,,,,,,,,,
192,Heidelberg Cem,HEIDELBERG,859,,,,,,2820,2615,2408,2533,2696,2793,,2859,1076,1222,2156,2455,2759,,,,,,,,,,,,,,,,,,,,,,,,,,,,,,,,,,,,,,,,
193,Heritage Foods,HERITGFOOD,,374,378,409,411,492,526,575,966,1685,1595,962,344,962,,,,,,,,,,,,,,,,,,,,,,,,,,,,,,,,,,,,,,,,,,,,,
194,Hero Motocorp,HEROMOTOCO,,8515,10726,9889,9642,10097,10522,12573,14694,16739,17641,18749,6076,22000,,,,,,,,,,,,,,,,,,,,,,,,,,,,,,,,,,,,,,,,,,,,,
195,HFCL,HFCL,,,1752,1714,1222,1639,1823,2146,2227,2546,3134,3634,1579,4034,,,,,,,,,,,,,,,,,,,,,,,,,,2072,,,,,,,,,,,,,,,,,,,
196,Himadri Special,HSCL,,1287,1863,2195,2378,2456,2212,2034,2096,2413,2790,2457,816,,,,,,,,,,,,,,,,,,,,,,,,,,,,,,,,,,,,,,,,,,,,,,
197,Himatsingka Sei,HIMATSEIDE,,1225,1155,1134,1177,1273,1371,1818,2516,3662,4601,4857,1151,,,,,,,,,,,,,,,,,,,,,,,,,,,,,,,,,,,,,,,,,,,,,,
198,Hind Copper,HINDCOPPER,,1621,1633,1903,2113,2263,2233,2799,2536,2814,3344,3326,1650,,,,,,,,,,,,,,,,,,,,,,,,,,,,,,,,,,,,,,,,,,,,,,
199,Hind Zinc,HINDZINC,,20221,25053,29485,35465,41677,48992,53195,51795,42932,42458,46975,15926,51749,,,,,,,,,,,,,,,,,,,,,,,,,,,,,,,,,,,,,,,,,,,,,
200,Hindalco,HINDALCO,,41783,46536,55648,66619,73770,76001,80442,86635,82729,81502,80058,36165,,,,,,,,,,,,,,,,,,,,,,,,,,,,,,,,,,,,,,,,,,,,,,
201,Hindustan Aeron,HAL,,,,55305,57529,,,56519,51708,48434,51470,54125,,,,,,,,,,,,,,,,,,,,,,,,,,,,,,,,,,,,,,,,,,,,,,,
202,Honeywell Autom,HONAUT,635,,,,,,1483,1762,1951,2432,2891,3457,,,744,925,1126,1202,1331,,,,,,,,,,,,,,,,,,,,,,,,,,,,,,,,,,,,,,,,
203,HPCL,HINDPETRO,,51223,60761,71110,76245,77993,67551,69579,78479,86817,103847,114019,46857,118359,,,,,,,,,,,,,,,,,,,,,,,,,,,,,,,,,,,,,,,,,,,,,
204,HUDCO,HUDCO,,21930,22737,27495,26949,30224,33114,35878,39322,48915,72829,76127,25254,,,,,,,,,,,,,,,,,,,,,,,,,,,,,,,,,,,,,,,,,,,,,,
205,HUL,HINDUNILVR,,9317,10163,10958,11512,12998,13634,13920,14751,17149,17865,19602,8267,66908,,,,,,,,,,,,,,,,,,,,,,,,,,,,,,,,,,,,,,,,,,,,,
206,ICICI Bank,ICICIBANK,,363400,406234,489069,536795,594642,646129,720695,771791,879189,964459,1098365,379301,,,,,,,,,,,,,,,,,,,,,,,,,,,,,,,,,,,,,,,,,,,,,,
207,ICICI Lombard,ICICIGI,,6732,8229,10525,12637,14744,14646,17114,23351,29750,33403,37042,5484,38345,,,,,,,,,,,,,,,,,,,,,,,,,,,,,,,,,,,,,,,,,,,,,
208,ICICI Prudentia,ICICIPRULI,,,,71623,75220,81474,101216,104766,124743,141821,163090,156035,,184413,,,,,,,,,,,,,,,,,,,,,,,,,,,,,,,,,,,,,,,,,,,,,
209,ICICI Securitie,ISEC,,,,,,,,,2040,2865,4646,4418,,5908,,,,,,,,,,,,,,,,,,,,,,,,,,,,,,,,,,,,,,,,,,,,,
210,IDBI Bank,IDBI,,233573,253377,290316,322769,328988,356144,375390,361874,350086,320284,299942,172402,,,,,,,,,,,,,,,,,,,,,,,,,,,,,,,,,,,,,,,,,,,,,,
211,IDFC,IDFC,,34340,48998,60706,69994,73764,86520,9620,9878,9823,9821,9332,30364,,,,,,,,,,,,,,,,,,,,,,,,,,,,,,,,,,,,,,,,,,,,,,
212,IDFC First Bank,IDFCFIRSTB,,,,,,,0,83216,112160,126520,167185,149200,,,,,,,,,,,,,,,,,,,,,,,,,,,,,,,,,,,,,,,,,,,,,,,
213,IEX,IEX,,,,,282,369,406,424,554,574,706,668,,788,,,,,,,,,,,,,,,,,,,,,,,,,,,,,,,,,,,,,,,,,,,,,
214,IFB Industries,IFBIND,,290,389,441,538,641,771,791,881,1082,1204,1614,215,1739,,,,,,,,,,,,,,,,,,,,,,,,,,,,,,,,,,,,,,,,,,,,,
215,IFCI,IFCI,,19589,25528,28184,25881,28989,34968,36900,31674,27005,22256,18429,14883,,,,,,,,,,,,,,,,,,,,,,,,,,,,,,,,,,,,,,,,,,,,,,
216,IGL,IGL,,1110,1767,2325,2634,2855,3076,3384,4091,4932,5953,7176,886,,,,,,,,,,,,,,,,,,,,,,,,,,,,,,,,,,,,,,,,,,,,,,
217,IIFL Finance,IIFL,,2639,2503,2245,2063,1325,1469,1540,1571,1501,17795,19362,1751,18985,,,,,,,,,,,,,,,,,,,,,,,,,,,,,,,,,,,,,,,,,,,,,
218,India Cements,INDIACEM,,7580,7938,8241,8803,8737,8311,10362,10645,10699,11105,11452,7028,,,,,,,,,,,,,,,,,,,,,,,,,,,,,,,,,,,,,,,,,,,,,,
219,India Tourism D,ITDC,,616,584,587,568,586,610,611,622,672,671,627,585,,,,,,,,,,,,,,,,,,,,,,,,,,,,,,,,,,,,,,,,,,,,,,
220,Indiabulls Hsg,IBULHSGFIN,,1436,3630,7436,38548,43078,55143,74385,100290,126899,120103,92653,982,,,,,,,,,,,,,,,,,,,,,,,,,,,,,,,,,,,,,,,,,,,,,,
221,Indiabulls Real,IBREALEST,,6560,7686,6933,6884,7593,8715,9558,9732,10193,10659,8852,5321,,,,,,,,,,,,,,,,,,,,,,,,,,,,,,,,,,,,,,,,,,,,,,
222,Indiamart Inter,INDIAMART,,120,99,55,55,,107,260,356,550,819,1119,,,,,,,,,,,,,,,,,,,,,,,,,,,,,,,,,,,,,,,,,,,,,,,
223,Indian Bank,INDIANB,,101389,121718,141419,162823,187226,192836,203710,218233,252716,280065,309468,84054,,,,,,,,,,,,,,,,,,,,,,,,,,,,,,,,,,,,,,,,,,,,,,
224,Indian Hotels,INDHOTEL,,6459,6720,7364,7225,6766,7198,5967,6237,7704,7881,8907,5458,9110,,,,,,,,,,,,,,,,,,,,,,,,,,,,,,,,,,,,,,,,,,,,,
225,Indoco Remedies,INDOCO,,479,563,652,689,726,842,939,1197,1238,1258,1272,416,,,,,,,,,,,,,,,,,,,,,,,,,,,,,,,,,,,,,,,,,,,,,,
226,Indostar Capita,INDOSTAR,,,,,,,,,5485,7194,12278,9572,,11140,,,,,,,,,,,,,,,,,,,,,,,,,,,,,,,,,,,,,,,,,,,,,
227,IndusInd Bank,INDUSINDBK,,35370,45636,57596,73307,87026,111787,142897,178648,221626,277819,307058,27559,,,,,,,,,,,,,,,,,,,,,,,,,,,,,,,,,,,,,,,,,,,,,,
228,Infibeam Avenue,INFIBEAM,,,14,63,75,146,286,766,966,2847,2994,2921,,,,,,,,,,,,,,,,,,,,,,,,,,,,,,,,,,,,,,,,,,,,,,,
229,Info Edge,NAUKRI,,471,599,747,851,982,1942,2160,2416,2628,2941,3111,404,,,,,,,,,,,,,,,,,,,,,,,,,,,,,,,,,,,,,,,,,,,,,,
230,Infosys,INFY,,25834,28854,35815,42972,52712,61813,72732,79885,75372,78389,80485,21114,86109,,,,,,,,,,,,,,,,,,,,,,,,,,,,,,,,,,,,,,,,,,,,,
231,INOX Leisure,INOXLEISUR,,557,593,644,813,858,1108,1052,1144,1285,1479,3815,373,3705,,,,,,,,,,,,,,,,,,,,,,,,,,,,,,,,,,,,,,,,,,,,,
232,Interglobe Avi,INDIGO,,2242,2919,3814,6011,9102,10789,12630,15210,21129,25012,42048,,40220,,,,,,,,,,,,,,,539,,,,,,,,,,,,,,,,,,,,,,,,,,,,,,
233,IOB,IOB,,131092,178784,219637,244656,274899,285637,274437,247167,247968,250008,260727,121073,,,,,,,,,,,,,,,,,,,,,,,,,,,,,,,,,,,,,,,,,,,,,,
234,IOC,IOC,,144627,173680,209860,228153,251697,220009,220638,259343,280895,314583,311276,130001,310855,,,,,,,,,,,,,,,,,,,,,,,,,,,,,,,,,,,,,,,,,,,,,
235,Ipca Labs,IPCALAB,,1622,1913,2330,2709,3217,3824,3905,3968,4108,4458,5185,1367,,,,,,,,,,,,,,,,,,,,,,,,,,,,,,,,,,,,,,,,,,,,,,
236,IRB Infra,IRB,,2581,3284,4486,4724,5916,7146,7855,9012,10382,9782,12820,1524,,,,,,,,,,,,,,,,,,,,,,,,,,,,,,,,,,,,,,,,,,,,,,
237,Ircon Internati,IRCON,,3607,4980,5529,6211,6158,6749,8137,9168,12701,12969,12644,3240,,,,,,,,,,,,,,,,,,,,,,,,,,,,,,,,,,,,,,,,,,,,,,
238,IRCTC,IRCTC,,,,,,,1162,1437,1826,2319,2594,3250,,,,,,,,,,,,,,,,,,,,,,,,,,,,,,,,,,,,,,,,,,,,,,,
239,ITC,ITC,,23021,25434,28988,34017,39229,44196,50031,54216,62381,69798,75235,19495,,,,,,,,,,,,,,,,,,,,,,,,,,,,,,,,,,,,,,,,,,,,,,
240,ITI,ITI,,8474,8061,7267,7041,5121,5374,5868,5548,7044,6995,7685,5720,,,,,,,,,,,,,,,,,,,,,,,,,,,,,,,,,,,,,,,,,,,,,,
241,IWML,IIFLWAM,,,,,,164,502,1350,1961,2272,2670,2518,,2468,,,,,,,,,,,,,,,,,,,,,,,,,,,,,,,,,,,,,,,,,,,,,
242,J. K. Cement,JKCEMENT,,2971,3403,3580,3902,5103,5348,5564,5843,5984,6947,7855,2161,,,,,,,,,,,,,,,,,,,,,,,,,,,,,,,,,,,,,,,,,,,,,,
243,JagranPrakashan,JAGRAN,,978,1213,1447,1764,1874,2214,2025,2213,2043,2104,2042,916,2078,,,,,,,,,,,,,,,,,,,,,,,,,,,,,,,,,,,,,,,,,,,,,
244,Jai Corp,JAICORPLTD,,2734,2838,2308,2140,2154,2088,2007,2060,1669,1660,1476,2670,,,,,,,,,,,,,,,,,,,,,,,,,,,,,,,,,,,,,,,,,,,,,,
245,Jamna Auto,JAMNAAUTO,,366,492,571,544,501,473,468,533,734,959,777,353,779,,,,,,,,,,,,,,,,,,,,,,,,,,,,,,,,,,,,,,,,,,,,,
246,JB Chemicals,JBCHEPHARM,,870,1007,1173,1273,1342,1449,1641,1684,1767,1793,1811,796,,,,,,,,,,,,,,,,,,,,,,,,,,,,,,,,,,,,,,,,,,,,,,
247,Jindal (Hisar),JSLHISAR,,,,,,0,5778,5123,6311,6184,5771,5799,,5852,,,,,,,,,,,,,,,,,,,,,,,,,,,,,,,,,,,,,,,,,,,,,
248,Jindal Saw,JINDALSAW,5490,5485,6821,7580,8170,8497,11970,11532,10937,11783,13307,13152,,,,,,,,,,,,,,,,,,,,,,,,,,,,,,,,,,,,,,,,,,,,,,,
249,Jindal Stainles,JSL,,12365,14099,15689,16526,15693,13530,14328,10271,10164,10021,10108,10519,9849,,,,,,,,,,,,,,,,,,,,,,,,,,,,,,,,,,,,,,,,,,,,,
250,Jindal Steel,JINDALSTEL,,20086,26387,33558,39810,43208,46170,60597,60094,60077,57672,58875,14410,59419,,,,,,,,,,,,,,,,,,,,,,,,,,,,,,,,,,,,,,,,,,,,,
251,JK Bank,J&KBANK,,42547,50508,60269,71743,78620,75931,80268,82019,89688,101406,108872,37693,,,,,,,,,,,,,,,,,,,,,,,,,,,,,,,,,,,,,,,,,,,,,,
252,JK Lakshmi Cem,JKLAKSHMI,,2391,2438,2786,3144,3566,4140,4108,4524,4489,4455,4550,1831,4692,,,,,,,,,,,,,,,,,,,,,,,,,,,,,,,,,,,,,,,,,,,,,
253,JK Paper,JKPAPER,,1343,1461,2383,3064,3472,3315,3486,3594,3608,4236,4743,1368,5470,,,,,,,,,,,,,,,,,,,,,,,,,,,,,,,,,,,,,,,,,,,,,
254,JK Tyre & Ind,JKTYRE,,2788,3519,4328,4733,5120,5884,6070,7060,7178,7405,7488,2599,6815,,,,,,,,,,,,,,,,,,,,,,,,,,,,,,,,,,,,,,,,,,,,,
255,JM Financial,JMFINANCIL,,1842,1784,1802,1773,1791,1949,2272,2053,2679,2657,2843,1780,3670,,,,,,,,,,,,,,,,,,,,,,,,,,,,,,,,,,,,,,,,,,,,,
256,Johnson Control,JCHAC,,450,622,595,831,760,1078,1110,1121,1256,1539,1584,337,1213,,,,,,,,,,,,,,,,,,,,,,,,,,,,,,,,,,,,,,,,,,,,,
257,JSW Energy,JSWENERGY,,8272,13036,14443,15114,14272,14018,16974,15218,15912,15510,13555,4712,13438,,,,,,,,,,,,,,,,,,,,,,,,,,,,,,,,,,,,,,,,,,,,,
258,JSW Steel,JSWSTEEL,,30878,41558,50521,54615,68426,74892,73508,80959,85551,107425,122042,28210,120130,,,,,,,,,,,,,,,,,,,,,,,,,,,,,,,,,,,,,,,,,,,,,
259,JTEKT India,JTEKTINDIA,,570,632,714,787,780,737,773,765,1013,1034,837,559,,,,,,,,,,,,,,,,,,,,,,,,,,,,,,,,,,,,,,,,,,,,,,
260,Jubilant Food,JUBLFOOD,,196,307,470,655,872,1094,1253,1332,1568,1914,3399,149,,,,,,,,,,,,,,,,,,,,,,,,,,,,,,,,,,,,,,,,,,,,,,
261,Jubilant Life,JUBILANT,,5357,6285,6174,6492,6651,5188,4329,4391,4625,4864,5433,4817,5032,,,,,,,,,,,,,,,,,,,,,,,,,,,,,,,,,,,,,,,,,,,,,
262,Just Dial,JUSTDIAL,,125,191,248,607,765,965,1048,1266,1410,1549,1832,97,1658,,,,,,,,,,,,,,,,,,,,,,,,,,,,,,,,,,,,,,,,,,,,,
263,Jyothy Labs,JYOTHYLAB,,528,839,1357,1559,1767,1916,1334,1360,1459,1412,1289,427,1363,,,,,,,,,,,,,,,,,,,,,,,,,,,,,,,,,,,,,,,,,,,,,
264,Kajaria Ceramic,KAJARIACER,,648,796,834,886,952,1195,1460,1659,1831,2047,2195,628,2228,,,,,,,,,,,,,,,,,,,,,,,,,,,,,,,,,,,,,,,,,,,,,
265,Kalpataru Power,KALPATPOWR,,2850,3486,3901,4159,4596,4794,5245,6105,7278,8252,9655,2321,9326,,,,,,,,,,,,,,,,,,,,,,,,,,,,,,,,,,,,,,,,,,,,,
266,Kansai Nerolac,KANSAINER,,1281,1475,1698,2062,2255,2343,3211,3597,4068,4306,4592,1076,4749,,,,,,,,,,,,,,,,,,,,,,,,,,,,,,,,,,,,,,,,,,,,,
267,Karnataka Bank,KTKBANK,,27022,31693,36322,41526,47029,51837,56500,64039,70374,79046,83313,22858,,,,,,,,,,,,,,,,,,,,,,,,,,,,,,,,,,,,,,,,,,,,,,
268,KEC Intl,KEC,,3375,4023,4548,5177,6031,6145,7989,7690,9735,11100,12120,3096,12335,,,,,,,,,,,,,,,,,,,,,,,,,,,,,,,,,,,,,,,,,,,,,
269,KEI Industries,KEI,,799,929,1194,1177,1244,1342,1463,1896,2217,2765,3269,760,2844,,,,,,,,,,,,,,,,,,,,,,,,,,,,,,,,,,,,,,,,,,,,,
270,KNR Construct,KNRCON,,810,821,816,954,955,1003,1259,1618,1966,2270,2718,678,,,,,,,,,,,,,,,,,,,,,,,,,,,,,,,,,,,,,,,,,,,,,,
271,Kotak Mahindra,KOTAKBANK,,37436,50851,65667,83694,87585,106012,192260,214590,264933,312172,360252,28712,,,,,,,,,,,,,,,,,,,,,,,,,,,,,,,,,,,,,,,,,,,,,,
272,KPIT Tech,KPITTECH,,,,,,,,,,0,1239,1325,,1338,,,,,,,,,,,,,,,,,,,,,,,,,,,,,,,,,,,,,,,,,,,,,
273,KPR Mill,KPRMILL,,1168,1453,1566,1588,1686,1731,1730,1800,1930,2397,2187,1267,2208,,,,,,,,,,,,,,,,,,,,,,,,,,,,,,,,,,,,,,,,,,,,,
274,KRBL,KRBL,,1317,1834,1960,1978,2687,2999,2942,3386,3849,4627,4413,1164,,,,,,,,,,,,,,,,,,,,,,,,,,,,,,,,,,,,,,,,,,,,,,
275,KSB Pumps,KSB,508,,,,,,,,,,,,,,537,607,710,712,751,862,901,943,1029,1205,1388,1372,,,,,,,,,,,,,,,,,,,,,,,,,,,,,,,,,
276,L&T Finance,L&TFH,,1632,2139,3366,5511,5333,5614,5955,6378,9187,10049,11338,1079,11097,,,,,,,,,,,,,,,,,,,,,,,,,,,,,,,,,,,,,,,,,,,,,
277,L&T Infotech,LTI,,1453,1898,1981,2189,2506,2907,2955,4213,5019,6227,8317,1304,8819,,,,,,,,,,,,,,,,,,,,,,,,,,,,,,,,,,,,,,,,,,,,,
278,L&T Technology,LTTS,,,,,0,637,1714,1850,2150,2593,3226,4082,,4267,,,,,,,,,,,,,,,,,,,,,,,,,,,,,,,,,,,,,,,,,,,,,
279,La Opala RG,LAOPALA,,95,95,102,132,145,229,284,495,577,601,611,95,,,,,,,,,,,,,,,,,,,,,,,,,,,,,,,,,,,,,,,,,,,,,,
280,Lakshmi Machine,LAXMIMACH,,1593,1821,1883,1795,2023,2172,2308,2312,2554,2427,2342,1493,2274,,,,,,,,,,,,,,,,,,,,,,,,,,,,,,,,,,,,,,,,,,,,,
281,Larsen,LT,,46466,57110,67632,72424,78305,86904,99621,102238,115607,124660,141557,35783,149574,,,,,,,,,,,,,,,,,,,,,,,,,,,,,,,,,,,,,,,,,,,,,
282,Laurus Labs,LAURUSLABS,,334,421,513,701,1273,1893,2229,2673,3008,3318,3739,,4244,,,,,,,,,,,,,,,,,,,,,,,,,,,,,,,,,,,,,,,,,,,,,
283,Lemon Tree Hote,LEMONTREE,,,,,,,1297,1311,1306,1347,1419,1616,,,,,,,,,,,,,,,,,,,,,,,,,,,,,,,,,,,,,,,,,,,,,,,
284,LIC Housing Fin,LICHSGFIN,,40242,52537,65767,80560,95777,112545,130498,150900,171090,200583,216806,29382,,,,,,,,,,,,,,,,,,,,,,,,,,,,,,,,,,,,,,,,,,,,,,
285,Linde India,LINDEINDIA,1311,,,,,,,,,,,,,,1746,2320,2980,3414,3966,3880,3664,3563,3369,3385,3215,3135,,,,,,,,,,,,,,,,,,,,,,,,,,,,,,,,,
286,Lupin,LUPIN,,4371,5212,6159,7046,8799,11008,14236,17848,18681,19690,20680,3370,21267,,,,,,,,,,,,,,,,,,,,,,,,,,,,,,,,,,,,,,,,,,,,,
287,Lux Industries,LUXIND,,148,249,269,381,432,592,599,686,872,803,827,120,,,,,,,,,,,,,,,,,,,,,,,,,,,,,,,,,,,,,,,,,,,,,,
288,M&M,M&M,,16147,19540,23770,27454,31289,32945,35500,39968,47447,52697,50502,14113,,,,,,,,,,,,,,,,,,,,,,,,,,,,,,,,,,,,,,,,,,,,,,
289,Mah Scooters,MAHSCOOTER,,223,238,240,283,300,318,337,6572,8243,11714,8226,223,11472,,,,,,,,,,,,,,,,,,,,,,,,,,,,,,,,,,,,,,,,,,,,,
290,Mah Seamless,MAHSEAMLES,,2584,2870,3167,3105,3157,3096,3147,3285,3449,4332,4918,1614,,,,,,,,,,,,,,,,,,,,,,,,,,,,,,,,,,,,,,,,,,,,,,
291,Mahanagar Gas,MGL,,1073,1280,1542,1779,1969,2166,2370,2624,3010,3441,4128,926,,,,,,,,,,,,,,,,,,,,,,,,,,,,,,,,,,,,,,,,,,,,,,
292,Mahindra Holida,MHRIL,,1472,1757,1973,2244,2611,2714,2683,2986,3288,5826,6195,1005,6321,,,,,,,,,,,,,,,,,,,,,,,,,,,,,,,,,,,,,,,,,,,,,
293,Mahindra Life,MAHLIFE,,1126,1317,1500,1840,2171,2234,2594,2429,2504,2426,2000,997,2074,,,,,,,,,,,,,,,,,,,,,,,,,,,,,,,,,,,,,,,,,,,,,
294,Mahindra Logist,MAHLOG,,,,,,,502,553,769,912,1121,1330,,1468,,,,,,,,,,,,,,,,,,,,,,,,,,,,,,,,,,,,,,,,,,,,,
295,Manappuram Fin,MANAPPURAM,,2548,7783,12077,12728,10838,11332,11911,13146,14593,17646,23803,660,,,,,,,,,,,,,,,,,,,,,,,,,,,,,,,,,,,,,,,,,,,,,,
296,Marico,MARICO,,1237,1686,2061,3168,3144,3231,3439,3763,4020,4758,4765,901,5305,,,,,,,,,,,,,,,,,,,,,,,,,,,,,,,,,,,,,,,,,,,,,
297,Maruti Suzuki,MARUTI,,16361,18425,22302,26734,30600,33549,41940,51251,59370,62932,62552,13615,63015,,,,,,,,,,,,,,,,,,,,,,,,,,,,,,,,,,,,,,,,,,,,,
298,MAS Financial S,MASFIN,,370,479,592,772,1078,1488,1814,2024,2698,3704,4557,271,,,,,,,,,,,,,,,,,,,,,,,,,,,,,,,,,,,,,,,,,,,,,,
299,Max Financial,MFSL,,2945,2991,3073,3391,3524,3510,1739,1857,2071,2196,2526,2205,2387,,,,,,,,,,,,,,,,,,,,,,,,,,,,,,,,,,,,,,,,,,,,,
300,MCX India,MCX,,1229,1500,1874,1786,1742,1824,1858,1866,1961,1624,1767,1166,1748,,,,,,,,,,,,,,,,,,,,,,,,,,,,,,,,,,,,,,,,,,,,,
301,Meghmani Organi,MEGH,,909,1034,1033,1130,1240,1155,1197,1192,1378,1504,1644,795,,,,,,,,,,,,,,,,,,,,,,,,,,,,,,,,,,,,,,,,,,,,,,
302,Metropolis,METROPOLIS,,,,,,313,351,341,438,440,528,688,,,,,,,,,,,,,,,,,,,,,,,,,,,,,,,,,,,,,,,,,,,,,,,
303,Minda Corp,MINDACORP,,236,348,498,514,529,492,561,722,1500,1982,1866,150,1909,,,,,,,,,,,,,,,,,,,,,,,,,,,,,,,,,,,,,,,,,,,,,
304,Minda Ind,MINDAIND,,421,550,667,672,716,752,862,1342,1496,2504,2866,315,,,,,,,,,,,,,,,,,,,,,,,,,,,,,,,,,,,,,,,,,,,,,,
305,Mindtree,MINDTREE,,942,1015,1335,1691,2100,2646,3238,3396,3737,4179,5156,936,5449,,,,,,,,,,,,,,,,,,,,,,,,,,,,,,,,,,,,,,,,,,,,,
306,Mishra Dhatu Ni,MIDHANI,,832,,,,,,,1101,1365,1825,2398,,,,,,,,,,,,,,,,,,,,,,,,,,,,,,,,,,,,,,,,,,,,,,,
307,MMTC Ltd,MMTC,,11839,19430,10338,6698,4697,5951,3799,6078,5418,4455,6580,10619,,,,,,,,,,,,,,,,,,,,,,,,,,,,,,,,,,,,,,,,,,,,,,
308,MOIL,MOIL,,1962,2441,2743,3135,3472,3648,3728,3092,3241,3609,3302,1670,3270,,,,,,,,,,,,,,,,,,,,,,,,,,,,,,,,,,,,,,,,,,,,,
309,Motherson Sumi,MOTHERSUMI,,1670,2494,3027,3440,3664,3739,3894,8278,8810,9043,9203,1387,,,,,,,,,,,,,,,,,,,,,,,,,,,,,,,,,,,,,,,,,,,,,,
310,Motilal Oswal,MOTILALOFS,,591,551,628,753,746,1066,1019,1159,5277,5706,6166,472,6604,,,,,,,,,,,,,,,,,,,,,,,,,,,,,,,,,,,,,,,,,,,,,
311,MphasiS,MPHASIS,,,,,,4690,5178,5329,5375,4666,4278,5512,,5441,,,,,,,,,,,,,,,,,,,,,,,,,,,,,,,,,,3233,3761,4579,5092,4951,,,,,,,
312,MRF,MRF,,,,,,,,13170,14925,16302,18228,19154,,,,,,,,,,,,,,,,,,8257,3376,2768,,,,,,,,4009,6336,7212,,,,,,,,,,,9797,,,,,,
313,MRPL,MRPL,,14592,18501,26155,26701,39527,34345,37293,26414,26221,27191,25409,10723,26433,,,,,,,,,,,,,,,,,,,,,,,,,,,,,,,,,,,,,,,,,,,,,
314,Muthoot Finance,MUTHOOTFIN,,6443,13723,23372,29416,25594,26769,27049,30713,30792,38069,50460,3773,57237,,,,,,,,,,,,,,,,,,,,,,,,,,,,,,,,,,,,,,,,,,,,,
315,NALCO,NATIONALUM,,13276,14949,15521,16333,16549,16178,16710,14502,14614,15147,14550,12324,,,,,,,,,,,,,,,,,,,,,,,,,,,,,,,,,,,,,,,,,,,,,,
316,Narayana Hruda,NH,,610,701,777,927,1128,1300,1383,1487,1995,2077,2222,514,2120,,,,,,,,,,,,,,,,,,,,,,,,,,,,,,,,,,,,,,,,,,,,,
317,Natco Pharma,NATCOPHARM,,533,696,889,1057,1176,1395,1843,2347,3736,4356,4647,504,,,,,,,,,,,,,,,,,,,,,,,,,,,,,,,,,,,,,,,,,,,,,,
318,Nava Bharat Ven,NBVENTURES,,2268,2349,2521,2661,2815,2928,3277,3078,3257,3408,3387,1854,,,,,,,,,,,,,,,,,,,,,,,,,,,,,,,,,,,,,,,,,,,,,,
319,Navin Fluorine,NAVINFLUOR,,459,514,760,721,742,792,849,1124,1199,1268,1574,429,1679,,,,,,,,,,,,,,,,,,,,,,,,,,,,,,,,,,,,,,,,,,,,,
320,Navneet,NAVNETEDUL,,391,449,596,730,859,840,802,992,1135,1296,1307,392,,,,,,,,,,,,,,,,,,,,,,,,,,,,,,,,,,,,,,,,,,,,,,
321,NBCC (India),NBCC,,3033,3272,3637,3729,4191,4744,5435,6523,7650,8305,7765,2636,,,,,,,,,,,,,,,,,,,,,,,,,,,,,,,,,,,,,,,,,,,,,,
322,NCC,NCC,,5647,6868,8040,8127,9127,9433,9256,8944,10801,13159,12770,4568,,,,,,,,,,,,,,,,,,,,,,,,,,,,,,,,,,,,,,,,,,,,,,
323,NESCO,NESCO,,291,314,381,447,561,676,840,1032,1179,1346,1607,232,,,,,,,,,,,,,,,,,,,,,,,,,,,,,,,,,,,,,,,,,,,,,,
324,Nestle,NESTLEIND,1695,,,,,,,,,,,,,,2036,2558,4402,5164,6314,5820,6086,6810,7363,8088,7058,8111,,,,,,,,,,,,,,,,,,,,,,,,,,,,,,,,,
325,Network 18,NETWORK18,,1629,1567,2581,4227,4239,3531,3568,3961,4243,4120,3722,907,3699,,,,,,,,,,,,,,,,,,,,,,,,,,,,,,,,,,,,,,,,,,,,,
326,New India Assur,NIACL,,,,,45927,53597,62140,63605,69331,74906,79658,76340,,,,,,,,,,,,,,,,,,,,,,,,,,,,,,,,,,,,,,,,,,,,,,,
327,NHPC,NHPC,,43156,47609,52785,54530,54002,54312,55419,52317,55577,59617,64621,35410,,,,,,,,,,,,,,,,,,,,,,,,,,,,,,,,,,,,,,,,,,,,,,
328,Nilkamal,NILKAMAL,,650,803,947,1028,996,918,938,1033,1179,1220,1439,592,,,,,,,,,,,,,,,,,,,,,,,,,,,,,,,,,,,,,,,,,,,,,,
329,Nippon,NAM-INDIA,,,,,1509,1681,1663,1886,2020,2590,2712,2811,,2980,,,,,,,,,,,,,,,,,,,,,,,,,,,,,,,,,,,,,,,,,,,,,
330,NLC India,NLCINDIA,,17986,18342,19036,19518,20450,21367,23687,27516,32514,34687,39127,17056,,,,,,,,,,,,,,,,,,,,,,,,,,,,,,,,,,,,,,,,,,,,,,
331,NMDC,NMDC,,15705,21098,26648,30782,31477,34470,32671,25702,28609,29782,31144,12860,,,,,,,,,,,,,,,,,,,,,,,,,,,,,,,,,,,,,,,,,,,,,,
332,NOCIL,NOCIL,,423,445,546,662,736,757,679,1148,1316,1428,1428,400,,,,,,,,,,,,,,,,,,,,,,,,,,,,,,,,,,,,,,,,,,,,,,
333,NTPC,NTPC,,112924,125739,140831,161180,179627,197220,215231,236680,267962,291002,327838,105274,345655,,,,,,,,,,,,,,,,,,,,,,,,,,,,,,,,,,,,,,,,,,,,,
334,Oberoi Realty,OBEROIRLTY,,1236,2527,3101,3447,3584,4194,4593,4664,5805,7069,7596,1027,7958,,,,,,,,,,,,,,,,,,,,,,,,,,,,,,,,,,,,,,,,,,,,,
335,Oil India,OIL,,18130,21286,23147,24830,34929,36283,39149,45340,44034,47551,42943,13438,,,,,,,,,,,,,,,,,,,,,,,,,,,,,,,,,,,,,,,,,,,,,,
336,Omaxe,OMAXE,,3767,4203,4118,4310,4826,4960,5467,5690,5426,6379,6133,3628,,,,,,,,,,,,,,,,,,,,,,,,,,,,,,,,,,,,,,,,,,,,,,
337,ONGC,ONGC,,132480,148376,172096,178581,199830,208580,222428,247608,291608,300175,297253,124039,,,,,,,,,,,,,,,,,,,,,,,,,,,,,,,,,,,,,,,,,,,,,,
338,Oracle Fin Serv,OFSS,,4789,5823,7114,8326,9769,5803,5022,5102,4651,4445,6067,4217,5350,,,,,,,,,,,,,,,,,,,,,,,,,,,,,,,,,,,,,,,,,,,,,
339,Orient Cement,ORIENTCEM,,,,1,1258,1561,2566,2896,2883,2937,2927,2900,,2774,,,,,,,,,,,,,,,,,,,,,,,,,,,,,,,,,,,,,,,,,,,,,
340,Orient Refract,ORIENTREF,,,0,146,170,218,254,306,360,449,508,579,,582,,,,,,,,,,,,,,,,,,,,,,,,,,,,,,,,,,,,,,,,,,,,,
341,P and G,PGHH,,,,,,,,,,,,,,,,,,,,,,,,,,1828,,,,,,,652,827,878,1099,1249,1508,1948,,,,,2166,1160,1425,1632,,,,,,,,,,,,
342,Page Industries,PAGEIND,,220,340,374,475,686,823,946,1154,1412,1351,1513,212,,,,,,,,,,,,,,,,,,,,,,,,,,,,,,,,,,,,,,,,,,,,,,
343,Parag Milk Food,PARAGMILK,,348,435,578,672,810,926,999,1293,1368,1415,1659,283,,,,,,,,,,,,,,,,,,,,,,,,,,,,,,,,,,,,,,,,,,,,,,
344,PC Jeweller,PCJEWELLER,,713,1079,2098,3435,4233,4712,5737,7217,8961,7664,7882,412,,,,,,,,,,,,,,,,,,,,,,,,,,,,,,,,,,,,,,,,,,,,,,
345,Persistent,PERSISTENT,,791,867,971,1129,1348,1562,1789,2059,2279,2489,2662,476,2938,,,,,,,,,,,,,,,,,,,,,,,,,,,,,,,,,,,,,,,,,,,,,
346,Petronet LNG,PETRONET,,5961,7461,9211,11083,11913,11124,12426,13829,15654,15085,18699,5430,,,,,,,,,,,,,,,,,,,,,,,,,,,,,,,,,,,,,,,,,,,,,,
347,Pfizer,PFIZER,,,1386,1582,2060,977,2614,2888,3261,3690,3940,4405,,3056,,,,,,,,,,,,,1096,1203,,,,,,,,,,,,,,,,,,,,,,,,,,,,,,,
348,Phillips Carbon,PHILIPCARB,,1397,1722,2090,2296,2121,1963,2575,2568,2859,3375,3292,1042,3256,,,,,,,,,,,,,,,,,,,,,,,,,,,,,,,,,,,,,,,,,,,,,
349,Phoenix Mills,PHOENIXLTD,,1815,1826,2177,2268,2619,2785,3330,3386,3500,3768,3949,1778,,,,,,,,,,,,,,,,,,,,,,,,,,,,,,,,,,,,,,,,,,,,,,
350,PI Industries,PIIND,,455,661,797,1129,1309,1621,1935,2283,2615,3145,4106,419,6830,,,,,,,,,,,,,,,,,,,,,,,,,,,,,,,,,,,,,,,,,,,,,
351,Pidilite Ind,PIDILITIND,,1829,1999,2301,2579,2889,3267,3467,4296,4628,5350,5819,1619,6296,,,,,,,,,,,,,,,,,,,,,,,,,,,,,,,,,,,,,,,,,,,,,
352,Piramal Enter,PEL,,2782,13146,13744,16342,16929,16433,27117,25475,36732,37988,34476,2707,35626,,,,,,,,,,,,,,,,,,,,,,,,,,,,,,,,,,,,,,,,,,,,,
353,PNB,PNB,,296633,378325,458192,478948,550420,603334,667390,720331,765830,774949,830666,246919,,,,,,,,,,,,,,,,,,,,,,,,,,,,,,,,,,,,,,,,,,,,,,
354,PNB Housing Fin,PNBHOUSING,,3065,3671,4436,7655,11540,19035,29671,42960,63018,83750,78874,2603,77035,,,,,,,,,,,,,,,,,,,,,,,,,,,,,,,,,,,,,,,,,,,,,
355,PNC Infratech,PNCINFRA,,391,598,1034,1117,1280,1578,1890,2394,2786,3716,4410,294,4259,,,,,,,,,,,,,,,,,,,,,,,,,,,,,,,,,,,,,,,,,,,,,
356,Polycab,POLYCAB,,,,,,2572,3325,3878,4561,4424,5595,5928,,6202,,,,,,,,,,,,,,,,,,,,,,,,,,,,,,,,,,,,,,,,,,,,,
357,Power Finance,PFC,,83440,104634,135575,169229,194164,228664,246637,258461,279908,344726,361787,68269,,,,,,,,,,,,,,,,,,,,,,,,,,,,,,,,,,,,,,,,,,,,,,
358,Power Grid Corp,POWERGRID,,63568,75722,90209,111134,139589,158321,178429,194697,223933,246496,255568,54326,,,,,,,,,,,,,,,,,,,,,,,,,,,,,,,,,,,,,,,,,,,,,,
359,Prestige Estate,PRESTIGE,,2848,4152,4702,5987,6789,8599,11722,12377,13846,18289,19589,2576,,,,,,,,,,,,,,,,,,,,,,,,,,,,,,,,,,,,,,,,,,,,,,
360,Prism Cement,PRSMJOHNSN,,2623,3270,3626,4051,4140,4342,4293,4110,4203,4403,4993,874,4694,,,,,,,,,,,,,,,,,,,,,,,,,,,,,,,,,,,,,,,,,,,,,
361,Procter&Gamble,PGHL,561,,,,,,,,,,,,,,568,430,500,594,648,708,784,879,991,1759,,1176,,,,,,,,,,,,,,,,,,,,,,,,,,,,,,,,,
362,PTC India,PTC,,2495,2812,3612,3521,3715,4378,6183,6604,6214,7346,8833,1846,,,,,,,,,,,,,,,,,,,,,,,,,,,,,,,,,,,,,,,,,,,,,,
363,PVR,PVR,,454,529,567,1152,1230,1365,1822,2143,2291,3797,7332,383,7247,,,,,,,,,,,,,,,,,,,,,,,,,,,,,,,,,,,,,,,,,,,,,
364,Quess Corp,QUESS,,42,101,157,221,,629,961,2196,3592,3770,3879,,3402,,,,,287,,,,,,,,,,,,,,,,,,,,,,,,,,,,,,,,,,,,,,,,
365,Radico Khaitan,RADICO,,1233,1368,1634,1804,2017,2089,2313,2221,2232,2233,2470,1107,2499,,,,,,,,,,,,,,,,,,,,,,,,,,,,,,,,,,,,,,,,,,,,,
366,Rail Vikas,RVNL,,,,,,13195,15832,21781,8357,7712,11403,11775,,,,,,,,,,,,,,,,,,,,,,,,,,,,,,,,,,,,,,,,,,,,,,,
367,Rain Industries,RAIN,1214,,,,,,,,,,,,,,1126,808,859,781,572,614,649,1413,1251,1308,1276,1258,,,,,,,,,,,,,,,,,,,,,,,,,,,,,,,,,
368,Rajesh Exports,RAJESHEXPO,,8625,10544,11973,13840,11060,15527,19081,21199,19929,21170,18342,7475,,,,,,,,,,,,,,,,,,,,,,,,,,,,,,,,,,,,,,,,,,,,,,
369,Rallis India,RALLIS,,735,961,1029,1066,1137,1232,1310,1551,1733,2159,2447,688,2660,,,,,,,,,,,,,,,,,,,,,,,,,,,,,,,,,,,,,,,,,,,,,
370,Ramco Cements,RAMCOCEM,,5256,5705,6058,6471,6869,7002,6894,7009,7093,8108,10047,4654,10466,,,,,,,,,,,,,,,,,,,,,,,,,,,,,,,,,,,,,,,,,,,,,
371,Rashtriya Chem,RCF,,4287,3749,5602,5829,5620,6230,7672,6559,6348,8948,10300,5176,,,,,,,,,,,,,,,,,,,,,,,,,,,,,,,,,,,,,,,,,,,,,,
372,Ratnamani Metal,RATNAMANI,,853,995,1014,1029,1148,1226,1317,1413,1746,2052,2544,715,2423,,,,,,,,,,,,,,,,,,,,,,,,,,,,,,,,,,,,,,,,,,,,,
373,Raymond,RAYMOND,,2804,2810,2951,3021,3041,3183,3489,3606,3994,4257,4678,2931,,,,,,,,,,,,,,,,,,,,,,,,,,,,,,,,,,,,,,,,,,,,,,
374,RBL Bank,RBLBANK,,2086,3230,7207,12962,18197,27104,39161,48675,61851,80359,88978,1707,,,,,,,,,,,,,,,,,,,,,,,,,,,,,,,,,,,,,,,,,,,,,,
375,REC,RECLTD,,69543,86513,108547,130507,152853,183175,206353,209236,241669,297717,346488,55956,,,,,,,,,,,,,,,,,,,,,,,,,,,,,,,,,,,,,,,,,,,,,,
376,Redington,REDINGTON,,1710,2385,2642,2831,3031,3031,3907,4533,4449,5206,5714,1439,,,,,,,,,,,,,,,,,,,,,,,,,,,,,,,,,,,,,,,,,,,,,,
377,Relaxo Footwear,RELAXO,,345,439,475,587,657,841,997,1070,1250,1611,1841,237,1948,,,,,,,,,,,,,,,,,,,,,,,,,,,,,,,,,,,,,,,,,,,,,
378,Reliance,RELIANCE,,251006,284719,295140,318511,367583,397785,481674,546746,617525,775745,968912,245706,856384,,,,,,,,,,,,,,,,,,,,,,,,,,,,,,,,,,,,,,,,,,,,,
379,Repco Home,REPCOHOME,,1483,2097,2853,3792,4736,6076,7763,9043,9731,10957,11994,1032,,,,,,,,,,,,,,,,,,,,,,,,,,,,,,,,,,,,,,,,,,,,,,
380,RITES,RITES,,,,,,,3568,4244,4661,5037,5250,5715,,,,,,,,,,,,,,,,,,,,,,,,,,,,,,,,,,,,,,,,,,,,,,,
381,S H Kelkar,SHK,,342,470,477,477,495,555,660,759,854,891,952,270,,,,,,,,,,,,,,,,,,,,,,,,,,,,,,,,,,,,,,,,,,,,,,
382,SAIL,SAIL,,68557,76251,76512,84402,92165,99542,100564,106768,114511,116685,125366,54343,,,,,,,,,,,,,,,,,,,,,,,,,,,,,,,,,,,,,,,,,,,,,,
383,Sanofi India,SANOFI,1065,,,,,,,,,,,,,,1205,1408,1503,1631,1878,2228,2405,2541,2778,2984,3244,3485,,,,,,,,,,,,,,,,,,,,,,,,,,,,,,,,,
384,SBI,SBIN,,1053414,1223736,1335519,1566211,1792235,2047714,2357145,2705538,3454749,3680912,3951388,964432,,,,,,,,,,,,,,,,,,,,,,,,,,,,,,,,,,,,,,,,,,,,,,
385,SBI Life Insura,SBILIFE,,,,,53714,60640,74121,83429,102240,121720,146734,165580,,191805,,,,,,,,,,,,,,,,,,,,,,,,,,,,,,,,,,,,,,,,,,,,,
386,Schaeffler Ind,SCHAEFFLER,549,,,,,,,,,,,,,,610,778,997,1144,1333,1434,1655,1854,3180,3767,3645,3729,,,,,,,,,,,,,,,,,,,,,,,,,,,,,,,,,
387,Schneider Infra,SCHNEIDER,,,0,1242,1305,1183,1347,1290,1274,1284,1148,1119,,,,,,,,,,,,,,,,,,,,,,,,,,,,,,,,,,,,,,,,,,,,,,,
388,Sheela Foam,SFL,,,,384,428,471,540,645,775,888,1023,1170,,1228,,,,,,,,,,,,,,,,,,,,,,,,,,,,,,,,,,,,,,,,,,,,,
389,Shilpa,SHILPAMED,,255,331,422,507,627,783,929,1490,1547,1668,2021,201,2363,,,,,,,,,,,,,,,,,,,,,,,,,,,,,,,,,,,,,,,,,,,,,
390,Shipping Corp,SCI,,10320,13020,14038,16089,16532,14929,14717,14487,14369,14155,13733,10061,,,,,,,,,,,,,,,,,,,,,,,,,,,,,,,,,,,,,,,,,,,,,,
391,Shoppers Stop,SHOPERSTOP,,778,1048,1266,1435,1659,1790,1910,1836,1763,2475,4065,707,3762,,,,,,,,,,,,,,,,,,,,,,,,,,,,,,,,,,,,,,,,,,,,,
392,Shree Cements,SHREECEM,,4906,4940,,,,,9463,11166,15142,15193,19338,3427,,,,,,,,,,,,,,,,,,,,,,,5884,6160,7329,7998,,,,,,,,,,,,,,,,,,,,
393,Shriram City,SHRIRAMCIT,,6248,9315,12649,16373,16383,18038,20854,24536,27326,29415,30974,5442,30040,,,,,,,,,,,,,,,,,,,,,,,,,,,,,,,,,,,,,,,,,,,,,
394,Shriram Trans,SRTRANSFIN,,26973,31629,35777,44458,49235,59327,67963,74405,97245,105292,114129,24999,117923,,,,,,,,,,,,,,,,,,,,,,,,,,,,,,,,,,,,,,,,,,,,,
395,Siemens,SIEMENS,,,,,,,,,,,,15215,,,,,,,,,,,,,,,,,,9844,6998,8245,,,,,,,,9429,10173,10645,,,,,,,,,,,10290,10528,11954,13123,14249,15210,
396,SIS,SIS,,,,237,304,363,439,517,895,1103,1549,1821,,1873,,,,,,,,,,,,,,,,,,,,,,,,,,,,,,,,,,,,,,,,,,,,,
397,SJVN,SJVN,,10450,11129,11443,12489,13558,14594,15380,15377,14366,14921,15501,10289,,,,,,,,,,,,,,,,,,,,,,,,,,,,,,,,,,,,,,,,,,,,,,
398,SKF India,SKFINDIA,951,,,,,,,2149,2304,2444,2297,2469,,1877,1081,1285,1508,1599,1695,1911,,,,,,,,,,,,,,,,,,,,,,,,,,,,,,,,,,,,,,,
399,Sobha,SOBHA,,3778,3805,4071,4669,5220,5868,7954,8739,8822,10547,10543,3585,,,,,,,,,,,,,,,,,,,,,,,,,,,,,,,,,,,,,,,,,,,,,,
400,Solar Ind,SOLARINDS,,452,485,629,709,821,793,900,1050,1101,1292,1384,402,,,,,,,,,,,,,,,,,,,,,,,,,,,,,,,,,,,,,,,,,,,,,,
401,Somany Ceramics,SOMANYCERA,,403,480,525,618,716,745,957,1113,1276,1293,1153,307,1082,,,,,,,,,,,,,,,,,,,,,,,,,,,,,,,,,,,,,,,,,,,,,
402,Sonata,SONATSOFTW,,324,350,346,369,407,478,515,552,609,657,652,249,,,,,,,,,,,,,,,,,,,,,,,,,,,,,,,,,,,,,,,,,,,,,,
403,South Ind Bk,SOUTHBANK,,25534,32820,40370,49795,54986,59116,63475,74312,82686,92279,97033,20379,,,,,,,,,,,,,,,,,,,,,,,,,,,,,,,,,,,,,,,,,,,,,,
404,SpiceJet,SPICEJET,,987,1110,1970,3071,2947,2607,2847,2991,4032,4795,12967,752,,,,,,,,,,,,,,,,,,,,,,,,,,,,,,,,,,,,,,,,,,,,,,
405,SRF,SRF,,2885,3240,3624,3859,4465,4868,5414,5968,7274,8672,8820,2366,9127,,,,,,,,,,,,,,,,,,,,,,,,,,,,,,,,,,,,,,,,,,,,,
406,Star Cement,STARCEMENT,,470,585,714,923,1110,1257,1495,1587,1686,1545,1619,399,,,,,,,,,,,,,,,,,,,,,,,,,,,,,,,,,,,,,,,,,,,,,,
407,Sterlite Techno,STLTECH,,1956,2514,2797,3286,3546,4227,2508,2750,3384,5926,6096,1674,5871,,,,,,,,,,,,,,,,,,,,,,,,,,,,,,,,,,,,,,,,,,,,,
408,Strides Pharma,STAR,1754,,,,,2440,2152,5304,5481,4285,4663,4675,,4826,2550,3019,3262,2299,,,,,,,,,,,,,,,,,,,,,,,,,,,,,,,,,,,,,,,,,
409,Sudarshan Chem,SUDARSCHEM,,365,571,721,874,904,901,958,1076,1166,1263,1561,270,1639,,,,,,,,,,,,,,,,,,,,,,,,,,,,,,,,,,,,,,,,,,,,,
410,SUMITOMO,SUMICHEM,,,185,359,367,440,466,576,922,1644,1846,2093,,2634,,,,,,,,,,,,,,,,,,,,,,,,,,,,,,,,,,,,,,,,,,,,,
411,Sun Pharma,SUNPHARMA,,6469,7607,9131,9246,14364,37446,34266,33869,36792,37714,38410,6208,38517,,,,,,,,,,,,,,,,,,,,,,,,,,,,,,,,,,,,,,,,,,,,,
412,Sun Pharma Adv,SPARC,,72,78,86,209,184,143,163,273,309,398,273,62,,,,,,,,,,,,,,,,,,,,,,,,,,,,,,,,,,,,,,,,,,,,,,
413,Sun TV Network,SUNTV,,2481,2847,2893,3194,3479,3591,3782,4350,5190,6069,6317,2013,,,,,,,,,,,,,,,,,,,,,,,,,,,,,,,,,,,,,,,,,,,,,,
414,Sundram,SUNDRMFAST,,1316,1602,1809,1845,1850,2038,2181,2447,2780,3396,3232,1293,3290,,,,,,,,,,,,,,,,,,,,,,,,,,,,,,,,,,,,,,,,,,,,,
415,Sunteck Realty,SUNTECK,,406,399,532,562,608,787,1045,1121,1975,2465,2697,222,,,,,,,,,,,,,,,,,,,,,,,,,,,,,,,,,,,,,,,,,,,,,,
416,Suprajit Eng,SUPRAJIT,,153,204,264,329,410,476,731,830,978,1057,1203,134,,,,,,,,,,,,,,,,,,,,,,,,,,,,,,,,,,,,,,,,,,,,,,
417,Supreme Ind,SUPREMEIND,,,,,,,,2332,2665,2774,3069,3448,,3350,,,,,,,,,,,,,,,,,,,1034,1150,1467,1477,1956,2105,2269,,,,,,,,,,,,,,,,,,,,
418,Suzlon Energy,SUZLON,,17092,17470,20749,17672,18611,15754,12292,14226,12841,8523,5723,17581,,,,,,,,,,,,,,,,,,,,,,,,,,,,,,,,,,,,,,,,,,,,,,
419,Swan Energy,SWANENERGY,,722,599,912,1148,1155,1123,1087,1188,1662,1182,1329,491,,,,,,,,,,,,,,,,,,,,,,,,,,,,,,,,,,,,,,,,,,,,,,
420,Symphony,SYMPHONY,,,,,,,,364,548,685,769,746,,,,,,,,,,,,,,,,,,,,,80,109,148,207,247,323,384,,,,,,,,,,,,,,,,,,,,
421,Syngene Intl,SYNGENE,,512,504,587,724,1191,1422,2356,2775,3188,3702,4162,,4481,,,,,,,,,,,,,,,282,,,,,,,,,,,,,,,,,,,,,,,,,,,,,,
422,Tamil Newsprint,TNPL,,2712,3075,3555,3481,3713,4697,5419,5634,5525,5531,5577,1995,,,,,,,,,,,,,,,,,,,,,,,,,,,,,,,,,,,,,,,,,,,,,,
423,Tasty Bite,TASTYBITE,,52,57,61,93,109,113,131,170,192,225,300,36,,,,,,,,,,,,,,,,,,,,,,,,,,,,,,,,,,,,,,,,,,,,,,
424,Tata Chemicals,TATACHEM,,8932,9496,10793,11099,11159,11879,13118,12799,14174,14567,13459,9782,13514,,,,,,,,,,,,,,,,,,,,,,,,,,,,,,,,,,,,,,,,,,,,,
425,Tata Coffee,TATACOFFEE,,613,622,657,798,874,947,1045,1171,1198,1246,1263,623,1266,,,,,,,,,,,,,,,,,,,,,,,,,,,,,,,,,,,,,,,,,,,,,
426,Tata Comm,TATACOMM,,12084,11452,10856,10872,11529,11733,12522,13145,12903,12614,13490,12155,14294,,,,,,,,,,,,,,,,,,,,,,,,,,,,,,,,,,,,,,,,,,,,,
427,TATA Cons. Prod,TATACONSUM,,3066,3105,3166,3440,3694,3656,4419,4416,4892,5004,12050,3018,,,,,,,,,,,,,,,,,,,,,,,,,,,,,,,,,,,,,,,,,,,,,,
428,Tata Elxsi,TATAELXSI,,285,298,330,356,387,465,600,715,945,1143,1389,247,1428,,,,,,,,,,,,,,,,,,,,,,,,,,,,,,,,,,,,,,,,,,,,,
429,Tata Inv Corp,TATAINVEST,,1538,1649,2066,2094,2188,2273,2249,2462,9738,9367,8095,1460,10840,,,,,,,,,,,,,,,,,,,,,,,,,,,,,,,,,,,,,,,,,,,,,
430,Tata Metaliks,TATAMETALI,,620,671,671,732,683,704,859,1066,1125,1382,1695,521,1659,,,,,,,,,,,,,,,,,,,,,,,,,,,,,,,,,,,,,,,,,,,,,
431,Tata Motors,TATAMOTORS,,50441,54190,54261,52185,49734,49943,56676,58878,59212,60910,62590,37103,60495,,,,,,,,,,,,,,,,,,,,,,,,,,,,,,,,,,,,,,,,,,,,,
432,Tata Power,TATAPOWER,,18872,21205,24981,28093,30539,33561,34615,40832,36502,38135,37616,16076,,,,,,,,,,,,,,,,,,,,,,,,,,,,,,,,,,,,,,,,,,,,,,
433,Tata Steel,TATASTEEL,,73236,89552,95803,101877,111040,115864,105114,111465,125114,137498,150393,67699,,,,,,,,,,,,,,,,,,,,,,,,,,,,,,,,,,,,,,,,,,,,,,
434,TCNS Clothing C,TCNSBRANDS,,57,86,125,,,,309,426,597,786,1198,,,,,,,,,,,,,,,,,,,,,,,,,,,,,,,,,,,,,,,,,,,,,,,
435,TCS,TCS,,22392,25991,34141,42686,57377,62794,77051,89444,90632,99161,104628,18430,115669,,,,,,,,,,,,,,,,,,,,,,,,,,,,,,,,,,,,,,,,,,,,,
436,TeamLease Ser.,TEAMLEASE,,92,94,194,223,242,311,577,655,828,1029,1181,,,,,,,,,,,,,,,,,,,,,,,,,,,,,,,,,,,,,,,,,,,,,,,
437,Tech Mahindra,TECHM,,5836,6080,6362,7258,14739,17016,20894,23733,26830,30342,30322,2752,31813,,,,,,,,,,,,,,,,,,,,,,,,,,,,,,,,,,,,,,,,,,,,,
438,Thermax,THERMAX,,3112,3631,3970,4127,4854,5011,4692,4596,5375,6139,4410,2266,4558,,,,,,,,,,,,,,,,,,,,,,,,,,,,,,,,,,,,,,,,,,,,,
439,Thyrocare Techn,THYROCARE,,72,101,137,197,246,293,414,444,485,488,442,,494,,,,,,,,,,,,,,,,,,,,,,,,,,,,,,,,,,,,,,,,,,,,,
440,Time Techno,TIMETECHNO,,919,1088,1235,1386,1506,1561,1736,2020,2241,2421,2540,721,,,,,,,,,,,,,,,,,,,,,,,,,,,,,,,,,,,,,,,,,,,,,,
441,Timken,TIMKEN,381,,,459,463,500,585,702,877,979,1775,1977,,,389,489,,,,,,,,,,,,,,,,,,,,,,,,,,,,,,,,,,,,,,,,,,,
442,Titan Company,TITAN,,2086,3736,4694,5876,6107,5872,6308,8318,9396,11470,13188,1779,13493,,,,,,,,,,,,,,,,,,,,,,,,,,,,,,,,,,,,,,,,,,,,,
443,TML-D,TATAMTRDVR,,,,,,,,,,,,,,,,,,,,,,,,,,,,,,,,,,,,,,,,,,,,,,,,,,,,,,,,,,,
444,Torrent Pharma,TORNTPHARM,,1848,2222,2578,3356,4333,6497,7289,8051,11820,12027,11913,1615,12242,,,,,,,,,,,,,,,,,,,,,,,,,,,,,,,,,,,,,,,,,,,,,
445,Torrent Power,TORNTPOWER,,9654,10098,11830,13685,15294,15856,19501,20615,22102,23825,22880,8413,,,,,,,,,,,,,,,,,,,,,,,,,,,,,,,,,,,,,,,,,,,,,,
446,Trent,TRENT,,1070,1637,1887,2077,1902,1962,2083,2188,2314,2561,5395,917,,,,,,,,,,,,,,,,,,,,,,,,,,,,,,,,,,,,,,,,,,,,,,
447,Trident,TRIDENT,,2462,2827,3267,3287,3185,4504,6506,6150,6129,6103,5718,2280,5029,,,,,,,,,,,,,,,,,,,,,,,,,,,,,,,,,,,,,,,,,,,,,
448,TTK Prestige,TTKPRESTIG,,272,425,572,791,872,896,997,1164,1406,1532,1709,191,,,,,,,,,,,,,,,,,,,,,,,,,,,,,,,,,,,,,,,,,,,,,,
449,TV TodayNetwork,TVTODAY,,440,404,449,484,499,577,623,776,884,1071,1094,377,,,,,,,,,,,,,,,,,,,,,,,,,,,,,,,,,,,,,,,,,,,,,,
450,TV18 Broadcast,TV18BRDCST,,917,1047,1668,3823,3791,3870,4184,4143,3431,3921,4158,506,4119,,,,,,,,,,,,,,,,,,,,,,,,,,,,,,,,,,,,,,,,,,,,,
451,TVS Motor,TVSMOTOR,,2717,2858,3114,3136,3565,4605,4952,5905,7156,8369,9361,2483,10009,,,,,,,,,,,,,,,,,,,,,,,,,,,,,,,,,,,,,,,,,,,,,
452,TVS Srichakra,TVSSRICHAK,,433,648,793,819,839,800,975,1405,1441,1800,1609,286,,,,,,,,,,,,,,,,,,,,,,,,,,,,,,,,,,,,,,,,,,,,,,
453,UCO Bank,UCOBANK,,137319,163398,180498,198651,239125,245917,244883,231340,216056,230484,235908,111664,,,,,,,,,,,,,,,,,,,,,,,,,,,,,,,,,,,,,,,,,,,,,,
454,Uflex,UFLEX,,2411,2781,3335,3429,3369,3265,3557,4080,4428,4404,4420,2274,,,,,,,,,,,,,,,,,,,,,,,,,,,,,,,,,,,,,,,,,,,,,,
455,Ujjivan Financi,UJJIVAN,,409,712,895,1357,2079,3976,5727,1767,1768,1789,1807,195,,,,,,,,,,,,,,,,,,,,,,,,,,,,,,,,,,,,,,,,,,,,,,
456,UltraTechCement,ULTRACEMCO,,8343,19995,22945,27409,29754,35215,38291,39281,54373,69271,71817,7720,74586,,,,,,,,,,,,,,,,,,,,,,,,,,,,,,,,,,,,,,,,,,,,,
457,Union Bank,UNIONBANK,,195162,235984,262211,312134,353781,381616,404696,452704,487380,494039,550683,160976,,,,,,,,,,,,,,,,,,,,,,,,,,,,,,,,,,,,,,,,,,,,,,
458,United Brewerie,UBL,,2199,2804,3287,3739,3896,3881,4362,4474,4719,5379,5544,1940,,,,,,,,,,,,,,,,,,,,,,,,,,,,,,,,,,,,,,,,,,,,,,
459,UPL,UPL,,4942,5852,6264,7016,7083,7639,11759,11347,12050,13903,13828,4853,15008,,,,,,,,,,,,,,,,,,,,,,,,,,,,,,,,,,,,,,,,,,,,,
460,V-Guard Ind,VGUARD,,310,405,469,655,679,725,717,934,1155,1356,1440,235,1519,,,,,,,,,,,,,,,,,,,,,,,,,,,,,,,,,,,,,,,,,,,,,
461,V-Mart Retail,VMART,,86,110,133,230,294,329,383,491,550,632,1224,80,,,,,,,,,,,,,,,,,,,,,,,,,,,,,,,,,,,,,,,,,,,,,,
462,Va Tech Wabag,WABAG,,611,886,1272,1353,1602,1707,1949,2272,2568,2809,3023,576,,,,,,,,,,,,,,,,,,,,,,,,,,,,,,,,,,,,,,,,,,,,,,
463,Vaibhav Global,VAIBHAVGBL,,519,542,551,600,576,556,633,631,645,725,650,533,628,,,,,,,,,,,,,,,,,,,,,,,,,,,,,,,,,,,,,,,,,,,,,
464,Vakrangee,VAKRANGEE,,459,663,1095,1359,1728,2037,2112,2268,2976,2694,2789,341,2824,,,,,,,,,,,,,,,,,,,,,,,,,,,,,,,,,,,,,,,,,,,,,
465,Vardhman Text,VTL,,4540,5231,5180,5923,6880,6305,6985,6959,7696,8369,8727,4502,8178,,,,,,,,,,,,,,,,,,,,,,,,,,,,,,,,,,,,,,,,,,,,,
466,Varroc Engineer,VARROC,,,,,1339,1654,1663,1747,1759,1960,2038,2219,,,,,,,,,,,,,,,,,,,,,,,,,,,,,,,,,,,,,,,,,,,,,,,
467,Varun Beverages,VBL,,,,,,,,,,,,,,,771,924,1253,2166,2497,2872,4142,4600,5299,6086,8374,8519,,,,,,,,,,,,,,,,,,,,,,,,,,,,,,,,,418
468,Vedanta,VEDL,,10274,14198,17838,18435,83490,78534,182624,166184,147169,150867,139450,5125,,,,,,,,,,,,,,,,,,,,,,,,,,,,,,,,,,,,,,,,,,,,,,
469,Venkys,VENKEYS,,374,480,641,862,1224,1420,1504,1360,1431,1557,1597,325,,,,,,,,,,,,,,,,,,,,,,,,,,,,,,,,,,,,,,,,,,,,,,
470,Vinati Organics,VINATIORGA,,185,258,405,546,552,599,687,821,980,1228,1443,137,1582,,,,,,,,,,,,,,,,,,,,,,,,,,,,,,,,,,,,,,,,,,,,,
471,VIP Industries,VIPIND,,337,419,432,409,448,499,580,605,766,1029,1152,357,,,,,,,,,,,,,,,,,,,,,,,,,,,,,,,,,,,,,,,,,,,,,,
472,Vodafone Idea,IDEA,,22027,28628,30984,34427,43988,57676,78655,95762,101951,233071,228886,22237,213953,,,,,,,,,,,,,,,,,,,,,,,,,,,,,,,,,,,,,,,,,,,,,
473,Voltas,VOLTAS,,3082,3797,3773,4047,4110,4248,4788,5596,6476,6820,7518,7181,,,,,,,,,,,,,,,,,,,,,,,,,,,,,,,,,,,,,,,,,,,,,,
474,VRL Logistics,VRLLOG,,619,735,932,965,978,953,942,897,862,978,1217,617,,,,,,,,,,,,,,,,,,,,,,,,,,,,,,,,,,,,,,,,,,,,,,
475,VST,VSTIND,,557,639,711,744,755,826,827,798,1064,1205,1397,499,1379,,,,,,,,,,,,,,,,,,,,,,,,,,,,,,,,,,,,,,,,,,,,,
476,WABCO India,WABCOINDIA,,389,509,678,793,957,1113,1523,1737,2169,2336,2181,333,2228,,,,,,,,,,,,,,,,,,,,,,,,,,,,,,,,,,,,,,,,,,,,,
477,Welspun Corp,WELCORP,,6795,8285,11032,10401,5999,6992,5916,6293,5506,4397,4870,7823,4509,,,,,,,,,,,,,,,,,,,,,,,,,,,,,,,,,,,,,,,,,,,,,
478,Welspun India,WELSPUNIND,,2638,2833,3210,3359,4141,4827,5362,6248,6248,6264,6221,2510,5948,,,,,,,,,,,,,,,,,,,,,,,,,,,,,,,,,,,,,,,,,,,,,
479,Westlife Dev,WESTLIFE,,17,17,16,22,476,477,478,480,481,482,483,16,,,,,,,,,,,,,,,,,,,,,,,,,,,,,,,,,,,,,,,,,,,,,,
480,Whirlpool,WHIRLPOOL,,1138,1314,1187,1384,1569,1849,2251,2876,3226,3709,4344,925,4095,,,,,,,,,,,,,,,,,,,,,,,,,,,,,,,,,,,,,,,,,,,,,
481,Wipro,WIPRO,,30327,34120,38590,40654,45599,53352,58853,63018,58625,66988,65306,24893,70646,,,,,,,,,,,,,,,,,,,,,,,,,,,,,,,,,,,,,,,,,,,,,
482,Wockhardt,WOCKPHARMA,3499,3004,3000,3164,3167,3391,4149,4584,4569,4386,4538,4760,,5367,,,,,,,,,,,,,,,,,,,,,,,,,,,,,,,,,,,,,,,,,,,,,
483,Zee Entertain,ZEEL,,3566,3571,3522,4008,4717,5598,6194,7643,9048,10869,10330,2938,10257,,,,,,,,,,,,,,,,,,,,,,,,,,,,,,,,,,,,,,,,,,,,,
484,Zensar Tech,ZENSARTECH,,372,458,541,611,760,916,1118,1310,1554,1749,2078,324,2156,,,,,,,,,,,,,,,,,,,,,,,,,,,,,,,,,,,,,,,,,,,,,
485,Zydus Wellness,ZYDUSWELL,,178,206,241,306,373,451,498,605,739,4954,4803,113,5806,,,,,,,,,,,,,,,,,,,,,,,,,,,,,,,,,,,,,,,,,,,,,
