,Company Name,NSE,Dec-08,Mar-10,Mar-11,Mar-12,Mar-13,Mar-14,Mar-15,Mar-16,Mar-17,Mar-18,Mar-19,Mar-20,Mar-09,Dec-09,Dec-10,Dec-11,Dec-12,Dec-13,Dec-14,Dec-15,Dec-16,Dec-17,Dec-18,Dec-19,Nov-08,Nov-09,Mar-08,Sep-13,Sep-08,Sep-09,Jun-09,Jun-10,Jun-11,Jun-12,Jun-13,Jun-14,Jun-15,Sep-10,Sep-11,Sep-12,Mar-04,Jun-16,Jun-17,Jun-18,Jun-19,Jun-20,Oct-09,Oct-10,Oct-11,Oct-12,Oct-13,Sep-14,Sep-15,Sep-16,Sep-17,Sep-18,Sep-19,Dec-06
0,3M India,3MINDIA,-44,53,-55,3,6,0,54,257,373,45,-319,195,,,,,,,,,,,,,,,,,,,,,,,,,,,,,,,,,,,,,,,,,,,,,,
1,Aarti Ind,AARTIIND,,5,-4,1,1,3,14,-2,-3,2,771,-564,-4,,,,,,,,,,,,,,,,,,,,,,,,,,,,,,,,,,,,,,,,,,,,,
2,AAVAS Financier,AAVAS,,,,,,,,224,34,90,-199,191,,,,,,,,,,,,,,,,,,,,,,,,,,,,,,,,,,,,,,,,,,,,,,
3,AB Capital,ABCAPITAL,,-4,0,0,0,0,5,-2,-1,-1,3,2,4,,,,,,,,,,,,,,,,,,,,,,,,,,,,,,,,,,,,,,,,,,,,,
4,ABB India,ABB,-295,,,,,,,,,,,,,176,55,-323,-179,240,-91,347,615,302,-17,123,,,,,,,,,,,,,,,,,,,,,,,,,,,,,,,,,,
5,Abbott India,ABBOTINDIA,,,,,,-31,-30,91,62,-165,99,8,,,3,38,1,,,,,,,,146,13,,,,,,,,,,,,,,,,,,,,,,,,,,,,,,,,
6,ACC,ACC,241,,,,,,,,,,,,,-692,502,545,205,-636,-942,-168,421,749,310,1546,,,,,,,,,,,,,,,,,,,,,,,,,,,,,,,,,,
7,Adani Enterpris,ADANIENT,,-97,-809,1,122,-71,33,-105,181,13,-132,270,454,,,,,,,,,,,,,,,,,,,,,,,,,,,,,,,,,,,,,,,,,,,,,
8,Adani Ports,ADANIPORTS,,-58,-139,149,341,-462,351,257,-151,-64,3367,558,187,,,,,,,,,,,,,,,,,,,,,,,,,,,,,,,,,,,,,,,,,,,,,
9,Adani Power,ADANIPOWER,,533,-305,-125,-247,2,-2,-37,10,-52,4,3,302,,,,,,,,,,,,,,,,,,,,,,,,,,,,,,,,,,,,,,,,,,,,,
10,Adani Trans,ADANITRANS,,,,,,0,0,2,0,506,-477,770,,,,,,,,,,,,,,,,,,,,,,,,,,,,,,,,,,,,,,,,,,,,,,
11,Aditya Birla F,ABFRL,,0,0,0,25,-14,-4,-8,30,23,-15,208,,,,,,,,,,,,,,,,,,,,,,,,,,,,,,,,,,,,,,,,,,,,,,
12,Advanced Enzyme,ADVENZYMES,,,9,-7,-2,0,-1,0,0,0,0,2,,,,,,,,,,,,,,,,,,,,,,,,,,,,,,,,,,,,,,,,,,,,,,
13,Aegis Logistics,AEGISCHEM,,-5,44,2,-11,-35,27,-20,2,3,-8,62,9,,,,,,,,,,,,,,,,,,,,,,,,,,,,,,,,,,,,,,,,,,,,,
14,AFL,ARVINDFASN,,,,,,,,0,0,8,-7,7,,,,,,,,,,,,,,,,,,,,,,,,,,,,,,,,,,,,,,,,,,,,,,
15,AGL,ADANIGAS,,,,,,,,-118,5,68,70,-71,,,,,,,,,,,,,,,,,,,,,,,,,,,,,,,,,,,,,,,,,,,,,,
16,AIA Engineering,AIAENG,,-92,-41,-6,130,-126,41,-89,-12,13,-10,18,206,,,,,,,,,,,,,,,,,,,,,,,,,,,,,,,,,,,,,,,,,,,,,
17,Ajanta Pharma,AJANTPHARM,,-2,-3,0,11,-6,16,9,-1,18,-6,51,2,,,,,,,,,,,,,,,,,,,,,,,,,,,,,,,,,,,,,,,,,,,,,
18,Akzo Nobel,AKZOINDIA,,45,16,38,10,-17,-16,-6,-24,50,-34,222,231,,,,,,,,,,,,,,,,,,,,,,,,,,,,,,,,,,,,,,,,,,,,,
19,Alembic Pharma,APLLTD,,,1,24,-21,1,-1,280,-280,9,135,-116,,,,,,,,,,,,,,,,,,,,,,,,,,,,,,,,,,,,,,,,,,,,,,
20,Alkem Lab,ALKEM,,-66,99,-108,21,-12,8,-17,13,-15,156,-141,428,,,,,,,,,,,,,,,,,,,,,,,,,,,,,,,,,,,,,,,,,,,,,
21,Alkyl Amines,ALKYLAMINE,,-2,-2,4,0,7,-6,-2,-3,2,17,12,3,,,,,,,,,,,,,,,,,,,,,,,,,,,,,,,,,,,,,,,,,,,,,
22,Allcargo,ALLCARGO,18,,,-7,6,0,10,-4,-2,0,-4,26,,-12,-7,,,,,,,,,,,,,,,,,,,,,,,,,,,,,,,,,,,,,,,,,,,
23,Alok Industries,ALOKINDS,,396,-565,433,,,-636,-75,54,-41,-16,69,-1266,,,,,,,,,,,,,,987,187,,,,,,,,,,,,,,,,,,,,,,,,,,,,,,
24,Amara Raja Batt,AMARAJABAT,,-8,-17,184,181,-117,26,4,22,-52,1,-18,19,,,,,,,,,,,,,,,,,,,,,,,,,,,,,,,,,,,,,,,,,,,,,
25,Amber Enterpris,AMBER,,,,,,,-5,0,10,91,-69,11,,,,,,,,,,,,,,,,,,,,,,,,,,,,,,,,,,,,,,,,,,,,,,
26,Ambuja Cements,AMBUJACEM,-436,,,,,,,,,,,,,466,873,610,960,101,498,573,-2736,915,-160,1362,,,,,,,,,,,,,,,,,,,,,,,,,,,,,,,,,,
27,APL Apollo,APLAPOLLO,,-67,-8,-15,7,-6,0,0,0,1,23,15,88,,,,,,,,,,,,,,,,,,,,,,,,,,,,,,,,,,,,,,,,,,,,,
28,Apollo Hospital,APOLLOHOSP,,221,-144,46,69,-47,40,7,-42,54,-28,62,-40,,,,,,,,,,,,,,,,,,,,,,,,,,,,,,,,,,,,,,,,,,,,,
29,Apollo Tyres,APOLLOTYRE,,-82,-115,-29,44,67,-12,66,-159,113,-42,27,75,,,,,,,,,,,,,,,,,,,,,,,,,,,,,,,,,,,,,,,,,,,,,
30,Ashok Leyland,ASHOKLEY,,430,-340,-148,-20,-3,700,836,-694,123,334,-86,-731,,,,,,,,,,,,,,,,,,,,,,,,,,,,,,,,,,,,,,,,,,,,,
31,Ashoka Buildcon,ASHOKA,,11,-11,-20,-5,1,-4,23,112,146,-71,237,-5,,,,,,,,,,,,,,,,,,,,,,,,,,,,,,,,,,,,,,,,,,,,,
32,Asian Paints,ASIANPAINT,,367,13,-8,51,194,124,413,-120,-474,473,-462,-111,,,,,,,,,,,,,,,,,,,,,,,,,,,,,,,,,,,,,,,,,,,,,
33,Aster DM Health,ASTERDM,,,,,,,,,-80,74,-80,12,,,,,,,,,,,,,,,,,,,,,,,,,,,,,,,,,,,,,,,,,,,,,,
34,Astral Poly Tec,ASTRAL,,2,6,25,-24,-10,6,39,-31,23,15,-42,-24,,,,,,,,,,,,,,,,,,,,,,,,,,,,,,,,,,,,,,,,,,,,,
35,AstraZeneca,ASTRAZEN,33,,8,-24,-32,71,-64,53,38,-1,59,-90,,-76,,,,,,,,,,,,,,,,,,,,,,,,,,,,,,,,,,,,,,,,,,,,
36,Atul,ATUL,,-8,3,-4,-3,1,-3,-1,2,15,-5,-10,0,,,,,,,,,,,,,,,,,,,,,,,,,,,,,,,,,,,,,,,,,,,,,
37,AU Small Financ,AUBANK,,,-68,9,237,-225,12,-7,596,1136,-21,1629,,,,,,,,,,,,,,,,,,,,,,,,,,,,,,,,,,,,,,,,,,,,,,
38,Aurobindo Pharm,AUROPHARMA,,-75,118,-108,101,-105,1,,-414,371,-171,-9,-136,,,,,,,,,,,,,,,,,,,,,,,,,,,,,,,,,,,,,,,,,,,,,
39,Avanti Feeds,AVANTIFEED,,-6,1,19,-14,4,-6,66,-39,-26,6,-6,5,,,,,,,,,,,,,,,,,,,,,,,,,,,,,,,,,,,,,,,,,,,,,
40,Avenue Supermar,DMART,,7,6,29,14,-8,-16,-3,-2,34,56,-29,1,,,,,,,,,,,,,,,,,,,,,,,,,,,,,,,,,,,,,,,,,,,,,
41,Axis Bank,AXISBANK,,187,6205,-7475,6501,7804,7860,-2774,16931,-6801,23750,30064,2513,,,,,,,,,,,,,,,,,,,,,,,,,,,,,,,,,,,,,,,,,,,,,
42,Bajaj Auto,BAJAJ-AUTO,,-35,129,947,-622,-64,89,242,-538,481,144,-628,81,,,,,,,,,,,,,,,,,,,,,,,,,,,,,,,,,,,,,,,,,,,,,
43,Bajaj Consumer,BAJAJCON,,-34,65,-54,1,17,-16,-1,1,2,6,-4,50,,,,,,,,,,,,,,,,,,,,,,,,,,,,,,,,,,,,,,,,,,,,,
44,Bajaj Electric,BAJAJELEC,,7,-15,6,-4,4,-19,13,-22,-3,-11,90,22,,,,,,,,,,,,,,,,,,,,,,,,,,,,,,,,,,,,,,,,,,,,,
45,Bajaj Finance,BAJFINANCE,,-19,557,-812,357,360,-559,1099,-972,-97,13,435,-147,,,,,,,,,,,,,,,,,,,,,,,,,,,,,,,,,,,,,,,,,,,,,
46,Bajaj Finserv,BAJAJFINSV,,1,-26,-23,0,5,-4,221,-223,11,48,-56,1,,,,,,,,,,,,,,,,,,,,,,,,,,,,,,,,,,,,,,,,,,,,,
47,Bajaj Holdings,BAJAJHLDNG,,-1,116,30,-213,27,-59,1406,-1406,74,-72,17,0,,,,,,,,,,,,,,,,,,,,,,,,,,,,,,,,,,,,,,,,,,,,,
48,Balkrishna Ind,BALKRISIND,,-7,7,346,-91,-257,421,-129,-308,6,19,-13,2,,,,,,,,,,,,,,,,,,,,,,,,,,,,,,,,,,,,,,,,,,,,,
49,Balmer Lawrie,BALMLAWRIE,,18,0,49,54,-24,14,12,-9,20,-4,-26,142,,,,,,,,,,,,,,,,,,,,,,,,,,,,,,,,,,,,,,,,,,,,,
50,Balrampur Chini,BALRAMCHIN,,,0,-144,177,-48,-62,-72,-4,0,0,-1,,,,,,,,,,,,,,,,,19,120,,,,,,,,,,,,,,,,,,,,,,,,,,,,
51,Bandhan Bank,BANDHANBNK,,,,,,,,,4192,-1989,427,2550,,,,,,,,,,,,,,,,,,,,,,,,,,,,,,,,,,,,,,,,,,,,,,
52,Bank of Baroda,BANKBARODA,,11380,14467,14234,21230,45479,17475,-14453,16570,-57573,-3668,32672,1788,,,,,,,,,,,,,,,,,,,,,,,,,,,,,,,,,,,,,,,,,,,,,
53,Bank of India,BANKINDIA,,9469,6080,-2599,20125,6546,15021,26461,-3253,-5,-1071,-8355,4044,,,,,,,,,,,,,,,,,,,,,,,,,,,,,,,,,,,,,,,,,,,,,
54,Bank of Mah,MAHABANK,,2589,-2645,1695,429,-71,651,2567,7322,-758,-6729,1292,-121,,,,,,,,,,,,,,,,,,,,,,,,,,,,,,,,,,,,,,,,,,,,,
55,BASF,BASF,,136,-145,15,-18,0,113,-27,22,-16,5,68,20,,,,,,,,,,,,,,,,,,,,,,,,,,,,,,,,,,,,,,,,,,,,,
56,Bata India,BATAINDIA,-5,,,,,,2,37,-27,-7,4,-44,,9,-2,7,10,19,,,,,,,,,,,,,,,,,,,,,,,,,,,,,,,,,,,,,,,,
57,Bayer CropScien,BAYERCROP,,50,285,67,544,-488,644,-367,76,-421,162,489,-58,,,,,,,,,,,,,,,,,,,,,,,,,,,,,,,,,,,,,,,,,,,,,
58,BEML,BEML,,304,-519,144,-116,-61,128,-57,-11,-34,67,58,-258,,,,,,,,,,,,,,,,,,,,,,,,,,,,,,,,,,,,,,,,,,,,,
59,Berger Paints,BERGEPAINT,,6,85,53,46,-59,31,-33,2,35,-34,28,-8,,,,,,,,,,,,,,,,,,,,,,,,,,,,,,,,,,,,,,,,,,,,,
60,Bharat Dynamics,BDL,,,,,,,-598,109,-583,-63,-15,280,,,,,,,,,,,,,,,,,,,,,,,,,,,,,,,,,,,,,,,,,,,,,,
61,Bharat Elec,BEL,,-346,1833,-1044,77,-35,276,448,216,-1948,-16,834,226,,,,,,,,,,,,,,,,,,,,,,,,,,,,,,,,,,,,,,,,,,,,,
62,Bharat Forge,BHARATFORG,,127,-261,94,26,-57,241,-22,-59,-122,93,28,202,,,,,,,,,,,,,,,,,,,,,,,,,,,,,,,,,,,,,,,,,,,,,
63,Bharti Airtel,BHARTIARTL,,-448,-214,227,-27,118,-57,-641,338,380,-246,2869,287,,,,,,,,,,,,,,,,,,,,,,,,,,,,,,,,,,,,,,,,,,,,,
64,Bharti Infratel,INFRATEL,,647,-656,14,59,44,-41,2003,-38,-1940,-36,117,-134,,,,,,,,,,,,,,,,,,,,,,,,,,,,,,,,,,,,,,,,,,,,,
65,BHEL,BHEL,,-525,-160,-2958,1060,4141,-2060,274,-474,1284,-1973,607,1929,,,,,,,,,,,,,,,,,,,,,,,,,,,,,,,,,,,,,,,,,,,,,
66,Biocon,BIOCON,,73,108,-146,114,50,112,-32,52,-252,217,69,-2,,,,,,,,,,,,,,,,,,,,,,,,,,,,,,,,,,,,,,,,,,,,,
67,Birla Corp,BIRLACORPN,,20,2,6,24,8,6,36,-29,7,-19,-29,288,,,,,,,,,,,,,,,,,,,,,,,,,,,,,,,,,,,,,,,,,,,,,
68,Birlasoft,BSOFT,,-49,95,-109,27,-14,90,-34,22,14,-80,52,44,,,,,,,,,,,,,,,,,,,,,,,,,,,,,,,,,,,,,,,,,,,,,
69,Bliss GVS,BLISSGVS,,8,3,40,-27,38,-35,10,-6,17,-11,-3,1,,,,,,,,,,,,,,,,,,,,,,,,,,,,,,,,,,,,,,,,,,,,,
70,Blue Dart,BLUEDART,18,,,,199,-131,60,121,-32,-30,40,-168,,-22,9,3,,,,,,,,,,,,,,,,,,,,,,,,,,,,,,,,,,,,,,,,,,
71,Blue Star,BLUESTARCO,,11,26,4,-40,52,-27,4,-14,-22,-30,196,7,,,,,,,,,,,,,,,,,,,,,,,,,,,,,,,,,,,,,,,,,,,,,
72,Bombay Burmah,BBTC,,2,2,84,-40,-51,49,-48,22,-14,-5,6,-4,,,,,,,,,,,,,,,,,,,,,,,,,,,,,,,,,,,,,,,,,,,,,
73,Bombay Dyeing,BOMDYEING,,-90,-14,2,26,-11,-12,11,36,-47,14,-27,70,,,,,,,,,,,,,,,,,,,,,,,,,,,,,,,,,,,,,,,,,,,,,
74,Bosch,BOSCHLTD,385,,,,,,-24,-33,33,234,-172,64,,-3,258,216,-108,-27,,,,,,,,,,,,,,,,,,,,,,,,,,,,,,,,,,,,,,,,
75,BPCL,BPCL,,675,3015,-4678,1350,-2126,1153,364,-1666,-155,21,34,-5982,,,,,,,,,,,,,,,,,,,,,,,,,,,,,,,,,,,,,,,,,,,,,
76,Brigade Ent,BRIGADE,,-5,5,3,-4,2,-5,13,-19,-12,72,40,24,,,,,,,,,,,,,,,,,,,,,,,,,,,,,,,,,,,,,,,,,,,,,
77,Britannia,BRITANNIA,,-58,-17,31,-33,62,-37,-9,3,56,-44,-3,113,,,,,,,,,,,,,,,,,,,,,,,,,,,,,,,,,,,,,,,,,,,,,
78,Cadila Health,CADILAHC,,3,14,76,-14,25,120,14,-247,167,-67,268,7,,,,,,,,,,,,,,,,,,,,,,,,,,,,,,,,,,,,,,,,,,,,,
79,Can Fin Homes,CANFINHOME,,19,-23,-19,-9,1,-6,0,0,-1,401,-29,-8,,,,,,,,,,,,,,,,,,,,,,,,,,,,,,,,,,,,,,,,,,,,,
80,Canara Bank,CANBK,,2993,11055,-2529,6535,10114,3812,8093,2092,-8913,16240,2119,-1218,,,,,,,,,,,,,,,,,,,,,,,,,,,,,,,,,,,,,,,,,,,,,
81,Caplin Labs,CAPLIPOINT,,,,,,,,24,12,-49,16,13,,,,,,,,,,,,,,,,,,,7,-2,7,6,-14,10,17,,,,,,,,,,,,,,,,,,,,,
82,Capri Global,CGCL,,-63,182,-23,-22,-7,16,-1,-7,19,-2,20,87,,,,,,,,,,,,,,,,,,,,,,,,,,,,,,,,,,,,,,,,,,,,,
83,Carborundum,CARBORUNIV,,-28,1,12,-11,3,-5,3,-2,67,35,114,17,,,,,,,,,,,,,,,,,,,,,,,,,,,,,,,,,,,,,,,,,,,,,
84,CARE Ratings,CARERATING,,4,4,51,-44,-1,-13,1,0,11,-4,-14,1,,,,,,,,,,,,,,,,,,,,,,,,,,,,,,,,,,,,,,,,,,,,,
85,Castrol,CASTROLIND,-62,,,,,,,,,,,,,270,79,-69,35,20,-163,264,63,104,48,-196,,,,,,,,,,,,,,,,,,,,,,,,,,,,,,,,,,
86,CCL Products,CCL,,-5,2,0,-2,3,-2,1,1,2,8,2,0,,,,,,,,,,,,,,,,,,,,,,,,,,,,,,,,,,,,,,,,,,,,,
87,Ceat,CEATLTD,,-61,-92,-16,39,26,269,-33,3,55,-15,-34,160,,,,,,,,,,,,,,,,,,,,,,,,,,,,,,,,,,,,,,,,,,,,,
88,Central Bank,CENTRALBK,,6966,-3934,-1156,-34,-1714,2432,731,63225,-39538,-8028,4839,-588,,,,,,,,,,,,,,,,,,,,,,,,,,,,,,,,,,,,,,,,,,,,,
89,Century,CENTURYTEX,,-14,-12,8,5,18,18,-579,518,219,-261,141,19,,,,,,,,,,,,,,,,,,,,,,,,,,,,,,,,,,,,,,,,,,,,,
90,CenturyPlyboard,CENTURYPLY,,2,-4,30,39,-62,-1,2,35,-37,4,-1,4,,,,,,,,,,,,,,,,,,,,,,,,,,,,,,,,,,,,,,,,,,,,,
91,Cera Sanitary,CERA,,12,2,-5,9,-10,-1,30,0,1,-15,-6,11,,,,,,,,,,,,,,,,,,,,,,,,,,,,,,,,,,,,,,,,,,,,,
92,CESC,CESC,,-155,-281,21,-88,10,-44,116,90,-247,-114,729,288,,,,,,,,,,,,,,,,,,,,,,,,,,,,,,,,,,,,,,,,,,,,,
93,CG Consumer,CROMPTON,,,,,,,0,90,-24,107,-56,-93,,,,,,,,,,,,,,,,,,,,,,,,,,,,,,,,,,,,,,,,,,,,,,
94,Chalet Hotels,CHALET,,,,,,,,4,67,-25,-10,-7,,,,,,,,,,,,,,,,,,,,,,,,,,,,,,,,,,,,,,,,,,,,,,
95,Chambal Fert,CHAMBLFERT,,2,207,37,-109,-141,-3,10,75,-33,-5,84,-40,,,,,,,,,,,,,,,,,,,,,,,,,,,,,,,,,,,,,,,,,,,,,
96,Chennai Petro,CHENNPETRO,,5,-2,26,2,5,-6,-1,0,0,0,0,-5,,,,,,,,,,,,,,,,,,,,,,,,,,,,,,,,,,,,,,,,,,,,,
97,Cholamandalam,CHOLAFIN,,-543,-255,84,319,219,-485,76,8,-20,2885,323,703,,,,,,,,,,,,,,,,,,,,,,,,,,,,,,,,,,,,,,,,,,,,,
98,Cholamandalam,CHOLAHLDNG,,-3,5,72,-53,-3,-4,709,-733,55,-55,9,-6,,,,,,,,,,,,,,,,,,,,,,,,,,,,,,,,,,,,,,,,,,,,,
99,Cipla,CIPLA,,8,23,-29,50,-59,37,-25,5,173,-153,197,-26,,,,,,,,,,,,,,,,,,,,,,,,,,,,,,,,,,,,,,,,,,,,,
100,City Union Bank,CUB,,215,186,-150,634,409,357,113,229,-243,327,1758,68,,,,,,,,,,,,,,,,,,,,,,,,,,,,,,,,,,,,,,,,,,,,,
101,Coal India,COALINDIA,,78,-1848,-170,478,-605,-79,177,449,-575,-91,-22,46,,,,,,,,,,,,,,,,,,,,,,,,,,,,,,,,,,,,,,,,,,,,,
102,Cochin Shipyard,COCHINSHIP,,-229,-60,235,-205,-298,444,55,165,116,186,-130,-236,,,,,,,,,,,,,,,,,,,,,,,,,,,,,,,,,,,,,,,,,,,,,
103,COFORGE LTD.,COFORGE,,-20,-10,20,14,-5,-6,61,-47,9,46,301,36,,,,,,,,,,,,,,,,,,,,,,,,,,,,,,,,,,,,,,,,,,,,,
104,Colgate,COLPAL,,96,95,-5,140,-145,-18,61,5,107,73,20,107,,,,,,,,,,,,,,,,,,,,,,,,,,,,,,,,,,,,,,,,,,,,,
105,Container Corp,CONCOR,,224,306,466,159,-365,37,-1788,884,74,-62,-59,244,,,,,,,,,,,,,,,,,,,,,,,,,,,,,,,,,,,,,,,,,,,,,
106,Coromandel Int,COROMANDEL,,468,90,13,-579,68,-201,-36,-17,297,-328,-79,234,,,,,,,,,,,,,,,,,,,,,,,,,,,,,,,,,,,,,,,,,,,,,
107,CreditAccess Gr,CREDITACC,,,,,,,,-1,149,-202,444,-9,,,,,,,,,,,,,,,,,,,,,,,,,,,,,,,,,,,,,,,,,,,,,,
108,CRISIL,CRISIL,3,,,,,,,,,,,,,53,-38,29,-28,-10,14,-4,-14,21,6,24,,,,,,,,,,,,,,,,,,,,,,,,,,,,,,,,,,
109,Cummins,CUMMINSIND,,24,-8,100,-49,-9,19,10,39,29,43,-14,8,,,,,,,,,,,,,,,,,,,,,,,,,,,,,,,,,,,,,,,,,,,,,
110,Cyient,CYIENT,,-222,106,95,35,156,-139,52,160,68,-18,-119,184,,,,,,,,,,,,,,,,,,,,,,,,,,,,,,,,,,,,,,,,,,,,,
111,Dabur India,DABUR,,12,28,69,29,79,-111,11,-26,59,-78,-2,75,,,,,,,,,,,,,,,,,,,,,,,,,,,,,,,,,,,,,,,,,,,,,
112,Dalmia Bharat,DALBHARAT,,,,,,,,,0,2,7,102,,,,,,,,,,,,,,,,,,,,,,,,,,,,,,,,,,,,,,,,,,,,,,
113,DB Corp,DBCORP,,9,53,38,-19,-8,68,-87,84,124,-166,-98,0,,,,,,,,,,,,,,,,,,,,,,,,,,,,,,,,,,,,,,,,,,,,,
114,DCB Bank,DCBBANK,,-328,155,-31,427,-194,30,172,301,1180,421,752,-401,,,,,,,,,,,,,,,,,,,,,,,,,,,,,,,,,,,,,,,,,,,,,
115,DCM Shriram,DCMSHRIRAM,,15,1,125,-85,190,-203,-58,170,-72,250,160,-15,,,,,,,,,,,,,,,,,,,,,,,,,,,,,,,,,,,,,,,,,,,,,
116,Deepak Fert,DEEPAKFERT,,47,73,-134,-44,-6,-55,158,-126,-8,-31,50,129,,,,,,,,,,,,,,,,,,,,,,,,,,,,,,,,,,,,,,,,,,,,,
117,Deepak Nitrite,DEEPAKNTR,,1,1,88,-84,-3,-4,1,-2,0,2,-1,-3,,,,,,,,,,,,,,,,,,,,,,,,,,,,,,,,,,,,,,,,,,,,,
118,Delta Corp,DELTACORP,,4,42,25,-71,27,-17,3,6,42,-35,27,0,,,,,,,,,,,,,,,,,,,,,,,,,,,,,,,,,,,,,,,,,,,,,
119,Dhanuka Agritec,DHANUKA,,0,3,4,-3,-3,2,-2,3,7,-10,25,0,,,,,,,,,,,,,,,,,,,,,,,,,,,,,,,,,,,,,,,,,,,,,
120,Dilip Buildcon,DBL,,10,29,45,-41,15,167,-128,8,48,28,133,,,,,,,,,,,,,,,,,,,,,,,,,,,,,,,,,,,,,,,,,,,,,,
121,Dish TV,DISHTV,,488,-202,63,-50,-57,60,-96,100,145,-199,-60,34,,,,,,,,,,,,,,,,,,,,,,,,,,,,,,,,,,,,,,,,,,,,,
122,Dishman Carboge,DCAL,,,,,,,0,1,29,-12,10,-2,,,,,,,,,,,,,,,,,,,,,,,,,,,,,,,,,,,,,,,,,,,,,,
123,Divis Labs,DIVISLAB,,3,0,-1,-2,5,-1,-5,15,-25,34,36,1,,,,,,,,,,,,,,,,,,,,,,,,,,,,,,,,,,,,,,,,,,,,,
124,Dixon Technolog,DIXON,,0,6,0,0,-1,0,0,0,7,1,84,,,,,,,,,,,,,,,,,,,,,,,,,,,,,,,,,,,,,,,,,,,,,,
125,DLF,DLF,,-590,0,223,-40,145,451,30,-130,83,2651,-2212,-223,,,,,,,,,,,,,,,,,,,,,,,,,,,,,,,,,,,,,,,,,,,,,
126,Dr Lal PathLab,LALPATHLAB,,,0,3,9,0,9,-5,1,36,61,65,,,,,,,,,,,,,,,,,,,,,,,,,,,,,,,,,,,,,,,,,,,,,,
127,Dr Reddys Labs,DRREDDY,,-16,-302,783,-84,60,-56,135,-135,54,-8,-74,-152,,,,,,,,,,,,,,,,,,,,,,,,,,,,,,,,,,,,,,,,,,,,,
128,eClerx Services,ECLERX,,26,104,12,8,26,35,35,-74,26,-106,24,6,,,,,,,,,,,,,,,,,,,,,,,,,,,,,,,,,,,,,,,,,,,,,
129,Edelweiss,EDELWEISS,,10,-30,0,18,-5,69,-62,10,-21,1,,-93,,,,,,,,,,,,,,,,,,,,,,,,,,,,,,,,,,,,,,,,,,,,,
130,Eicher Motors,EICHERMOT,454,,,,,,,-8,-10,76,601,-672,,-358,-103,-1,1,15,2,,,,,,,,,,,,,,,,,,,,,,,,,,,,,,,,,,,,,,,
131,EID Parry,EIDPARRY,,-12,0,21,-20,27,-31,42,-48,-1,0,10,-25,,,,,,,,,,,,,,,,,,,,,,,,,,,,,,,,,,,,,,,,,,,,,
132,EIH,EIHOTEL,,-28,576,-582,9,-4,1,-7,1,-2,1,-1,16,,,,,,,,,,,,,,,,,,,,,,,,,,,,,,,,,,,,,,,,,,,,,
133,Emami,EMAMILTD,,149,44,68,6,-15,59,-249,-64,9,99,-105,8,,,,,,,,,,,,,,,,,,,,,,,,,,,,,,,,,,,,,,,,,,,,,
134,Endurance Techn,ENDURANCE,,2,4,54,-43,-16,-9,3,-3,6,22,95,,,,,,,,,,,,,,,,,,,,,,,,,,,,,,,,,,,,,,,,,,,,,,
135,EngineersInd,ENGINERSIN,,-130,17,-59,2,-4,3,-4,149,-133,188,-189,642,,,,,,,,,,,,,,,,,,,,,,,,,,,,,,,,,,,,,,,,,,,,,
136,EPL,EPL,2,1,-6,0,13,-9,-4,1,-2,7,-4,62,,,,,,,,,,,,,,,,,,,,,,,,,,,,,,,,,,,,,,,,,,,,,,
137,Equitas Holding,EQUITAS,,132,-4,-121,5,-3,-1,54,-34,3,1,-2,,,,,,,,,,,,,,,,,,,,,,,,,,,,,,,,,,,,,,,,,,,,,,
138,Esab India,ESABINDIA,21,,,,,,3,7,12,-2,6,-24,,21,-8,-9,0,-6,,,,,,,,,,,,,,,,,,,,,,,,,,,,,,,,,,,,,,,,
139,Escorts,ESCORTS,,,,,,49,10,1,23,94,-63,79,,,,,,,,,,,,,,,,,-30,57,,,,,,,,-8,112,-73,,,,,,,,,,,,,,,,,,
140,Exide Ind,EXIDEIND,,-31,12,43,17,45,-90,44,-55,67,-14,80,32,,,,,,,,,,,,,,,,,,,,,,,,,,,,,,,,,,,,,,,,,,,,,
141,FDC,FDC,,5,31,-24,-18,19,-10,1,10,-2,-6,12,-5,,,,,,,,,,,,,,,,,,,,,,,,,,,,,,,,,,,,,,,,,,,,,
142,Federal Bank,FEDERALBNK,,-714,1025,-216,187,809,251,640,2032,1751,863,2508,692,,,,,,,,,,,,,,,,,,,,,,,,,,,,,,,,,,,,,,,,,,,,,
143,Fine Organics,FINEORG,,18,,,,,,,-26,-5,97,99,,,,,,,,,,,,,,,,,,,,,,,,,,,,,,,,,,,,,,,,,,,,,,
144,Finolex Cables,FINCABLES,,-33,-65,10,71,96,-43,81,11,44,-30,810,4,,,,,,,,,,,,,,,,,,,,,,,,,,,,,,,,,,,,,,,,,,,,,
145,Finolex Ind,FINPIPE,,54,-95,2,-20,12,-9,-2,4,1,0,51,13,,,,,,,,,,,,,,,,,,,,,,,,,,,,,,,,,,,,,,,,,,,,,
146,Firstsource Sol,FSL,,-3,136,-82,-41,3,-3,10,-21,-1,-1,33,-16,,,,,,,,,,,,,,,,,,,,,,,,,,,,,,,,,,,,,,,,,,,,,
147,Force Motors,FORCEMOT,,9,-11,447,-237,-14,85,9,30,-47,-37,62,-1,,,,,,,,,,,,,,,,,,,,,,,,,,,,,,,,,,,,,,,,,,,,,
148,Fortis Health,FORTIS,,-43,32,-23,95,-82,-20,3,-5,-62,43,-62,42,,,,,,,,,,,,,,,,,,,,,,,,,,,,,,,,,,,,,,,,,,,,,
149,Future Consumer,FCONSUMER,,4,-11,1,2,2,20,-10,13,0,-18,21,6,,,,,,,,,,,,,,,,,,,,,,,,,,,,,,,,,,,,,,,,,,,,,
150,Future Retail,FRETAIL,,,,,,-15,-14,81,39,47,30,-118,,,,,19,,,,,,,,,,,,,,,,,,,,,,,,,,,,,,,,,,,,,,,,,
151,GAIL,GAIL,,715,-2040,-1200,1427,293,-1509,82,143,624,-925,398,-1017,,,,,,,,,,,,,,,,,,,,,,,,,,,,,,,,,,,,,,,,,,,,,
152,Galaxy Surfacta,GALAXYSURF,,,,-2,6,-2,2,-1,-3,-3,2,13,,,,,,,,,,,,,,,,,,,,,,,,,,,,,,,,,,,,,,,,,,,,,,
153,Garden Reach Sh,GRSE,,,,,,,,,,0,-3,720,,,,,,,,,,,,,,,,,,,,,,,,,,,,,,,,,,,,,,,,,,,,,,
154,Garware Technic,GARFIBRES,,2,-4,22,-4,-11,2,70,1,4,-1,18,0,,,,,,,,,,,,,,,,,,,,,,,,,,,,,,,,,,,,,,,,,,,,,
155,Gateway Distri,GDL,,-3,-4,41,-8,-4,-11,-24,0,-6,14,-27,-34,,,,,,,,,,,,,,,,,,,,,,,,,,,,,,,,,,,,,,,,,,,,,
156,GE Power India,GEPIL,,232,131,-510,-114,165,445,-204,336,-678,-57,267,-29,,,,,,,,,,,,,,,,,,,,,,,,,,,,,,,,,,,,,,,,,,,,,
157,GE Shipping,GESHIP,,1655,-290,-44,184,-610,378,-70,458,-429,476,428,555,,,,,,,,,,,,,,,,,,,,,,,,,,,,,,,,,,,,,,,,,,,,,
158,General Insuran,GICRE,,,,,,,-536,2033,2429,1981,-1324,,,,,,,,,,,,,,,,,,,,,,,,,,,,,,,,,,,,,,,,,,,,,,,
159,Gillette India,GILLETTE,,,,,,,,,,,,,,,,,,,,,,,,,,,,,,,16,113,-133,42,51,3,12,,,,,356,-422,121,-95,91,,,,,,,,,,,,
160,GlaxoSmithKline,GLAXO,751,,,,,,22,-1,25,61,-102,0,,766,275,298,-236,-25,,,,,,,,,,,,,,,,,,,,,,,,,,,,,,,,,,,,,,,,
161,Glenmark,GLENMARK,,-7,26,16,120,-60,-64,32,177,-75,79,-168,1,,,,,,,,,,,,,,,,,,,,,,,,,,,,,,,,,,,,,,,,,,,,,
162,GMM Pfaudler,GMMPFAUDLR,,0,-2,6,-4,10,7,-10,-6,8,17,0,1,,,,,,,,,,,,,,,,,,,,,,,,,,,,,,,,,,,,,,,,,,,,,
163,GMR Infra,GMRINFRA,,-1200,345,-198,-2,-200,394,-63,-298,53,-63,11,1224,,,,,,,,,,,,,,,,,,,,,,,,,,,,,,,,,,,,,,,,,,,,,
164,GNFC,GNFC,,268,-180,156,-79,-48,-156,-5,320,468,206,-69,-96,,,,,,,,,,,,,,,,,,,,,,,,,,,,,,,,,,,,,,,,,,,,,
165,Godfrey Phillip,GODFRYPHLP,,17,17,-15,-1,-3,1,0,-3,9,0,7,9,,,,,,,,,,,,,,,,,,,,,,,,,,,,,,,,,,,,,,,,,,,,,
166,Godrej Agrovet,GODREJAGRO,,-22,20,-24,3,92,-101,8,18,-26,1,18,1,,,,,,,,,,,,,,,,,,,,,,,,,,,,,,,,,,,,,,,,,,,,,
167,Godrej Consumer,GODREJCP,,-159,-173,122,113,-91,19,-129,47,-2,-6,-16,325,,,,,,,,,,,,,,,,,,,,,,,,,,,,,,,,,,,,,,,,,,,,,
168,Godrej Ind,GODREJIND,,-13,28,16,-26,31,34,-112,5,49,452,-195,-266,,,,,,,,,,,,,,,,,,,,,,,,,,,,,,,,,,,,,,,,,,,,,
169,Godrej Prop,GODREJPROP,,58,-150,305,-390,608,-296,112,-219,-310,452,-11,8,,,,,,,,,,,,,,,,,,,,,,,,,,,,,,,,,,,,,,,,,,,,,
170,Granules India,GRANULES,,2,-3,17,-17,16,30,58,-73,58,-33,118,2,,,,,,,,,,,,,,,,,,,,,,,,,,,,,,,,,,,,,,,,,,,,,
171,Graphite India,GRAPHITE,,-69,-45,-19,-5,18,-13,-7,-1,15,7,-20,-1,,,,,,,,,,,,,,,,,,,,,,,,,,,,,,,,,,,,,,,,,,,,,
172,Grasim,GRASIM,,-97,-1,-4,5,10,27,-19,12,-9,-7,31,-14,,,,,,,,,,,,,,,,,,,,,,,,,,,,,,,,,,,,,,,,,,,,,
173,Greaves Cotton,GREAVESCOT,,,40,10,-29,-7,-15,-5,3,20,9,116,,,,,,,,,,,,,,,,,,,-11,4,,,,,,,,,,,,,,,,,,,,,,,,,,
174,Grindwell Norto,GRINDWELL,-14,44,13,-22,-18,29,29,-1,125,28,-39,-223,,,,,,,,,,,,,,,,,,,,,,,,,,,,,,,,,,,,,,,,,,,,,,
175,GSFC,GSFC,,22,553,285,-737,223,-31,-2,13,7,-13,-23,-44,,,,,,,,,,,,,,,,,,,,,,,,,,,,,,,,,,,,,,,,,,,,,
176,Guj Alkali,GUJALKALI,,-14,5,41,94,-14,-5,-67,49,3,122,-150,-28,,,,,,,,,,,,,,,,,,,,,,,,,,,,,,,,,,,,,,,,,,,,,
177,Guj Heavy Chem,GHCL,,-22,6,-1,-1,10,-7,9,-32,4,-5,85,23,,,,,,,,,,,,,,,,,,,,,,,,,,,,,,,,,,,,,,,,,,,,,
178,Guj Mineral,GMDCLTD,,1,-61,21,0,-15,-33,23,-10,8,-10,11,-33,,,,,,,,,,,,,,,,,,,,,,,,,,,,,,,,,,,,,,,,,,,,,
179,Guj State Petro,GSPL,,77,65,73,364,-408,1,-15,-61,7,48,20,-159,,,,,,,,,,,,,,,,,,,,,,,,,,,,,,,,,,,,,,,,,,,,,
180,Gujarat Fluoro,FLUOROCHEM,,,,,,,,,,,466,10,,,,,,,,,,,,,,,,,,,,,,,,,,,,,,,,,,,,,,,,,,,,,,
181,Gujarat Gas,GUJGASLTD,,,,,0,18,166,-212,-13,82,3,453,,,,,,,,,,,,,,,,,,,,,,,,,,,,,,,,,,,,,,,,,,,,,,
182,Gujarat Pipavav,GPPL,-84,,,,,,-95,104,-66,-18,-25,8,,-90,115,-154,11,60,,,,,,,,,,,,,,,,,,,,,,,,,,,,,,,,,,,,,,,,
183,Gulf Oil Lubric,GULFOILLUB,,,,0,0,0,152,36,65,68,-34,259,,,,,,,,,,,,,,,,,,,,,,,,,,,,,,,,,,,,,,,,,,,,,,
184,Hathway Cable,HATHWAY,,44,17,-26,-52,-8,17,-12,-33,-15,49,989,21,,,,,,,,,,,,,,,,,,,,,,,,,,,,,,,,,,,,,,,,,,,,,
185,Havells India,HAVELLS,,-88,-19,87,110,154,-276,-50,478,-254,380,-439,91,,,,,,,,,,,,,,,,,,,,,,,,,,,,,,,,,,,,,,,,,,,,,
186,HCL Tech,HCLTECH,,,,,,,,-308,227,-142,4313,-3232,,,,,,,,,,,,,,,,,,,1203,845,103,-33,21,85,192,,,,,,,,,,,,,,,,,,,,,
187,HDFC,HDFC,,3529,905,-880,825,2311,-2878,-250,1571,-2985,-871,2781,918,,,,,,,,,,,,,,,,,,,,,,,,,,,,,,,,,,,,,,,,,,,,,
188,HDFC AMC,HDFCAMC,,,,,,,,-2,0,1,-1,26,,,,,,,,,,,,,,,,,,,,,,,,,,,,,,,,,,,,,,,,,,,,,,
189,HDFC Bank,HDFCBANK,,12436,-274,-8731,6342,12303,-3252,2587,10033,73963,-41567,5271,2728,,,,,,,,,,,,,,,,,,,,,,,,,,,,,,,,,,,,,,,,,,,,,
190,HDFC Life,HDFCLIFE,,,,,,,777,1433,897,2122,-652,-374,,,,,,,,,,,,,,,,,,,,,,,,,,,,,,,,,,,,,,,,,,,,,,
191,HEG,HEG,,-2,7,6,-3,-3,-8,1,3,-3,24,4,-37,,,,,,,,,,,,,,,,,,,,,,,,,,,,,,,,,,,,,,,,,,,,,
192,Heidelberg Cem,HEIDELBERG,106,,,,,,32,-138,6,198,125,131,,-40,36,112,-238,41,,,,,,,,,,,,,,,,,,,,,,,,,,,,,,,,,,,,,,,,
193,Heritage Foods,HERITGFOOD,,-6,4,3,3,12,-4,4,-26,-21,13,0,-20,,,,,,,,,,,,,,,,,,,,,,,,,,,,,,,,,,,,,,,,,,,,,
194,Hero Motocorp,HEROMOTOCO,,49,-23,-6,101,-69,32,-44,-12,19,6,107,-2,,,,,,,,,,,,,,,,,,,,,,,,,,,,,,,,,,,,,,,,,,,,,
195,HFCL,HFCL,,,-47,-19,-17,-32,14,-14,-3,47,-42,6,-3,,,,,,,,,,,,,,,,,,,,,,,,,97,,,,,,,,,,,,,,,,,,,,
196,Himadri Special,HSCL,,22,8,1,51,-60,-5,6,-7,6,-8,28,-7,,,,,,,,,,,,,,,,,,,,,,,,,,,,,,,,,,,,,,,,,,,,,
197,Himatsingka Sei,HIMATSEIDE,,5,-6,0,12,-4,-1,96,-69,44,75,-121,-5,,,,,,,,,,,,,,,,,,,,,,,,,,,,,,,,,,,,,,,,,,,,,
198,Hind Copper,HINDCOPPER,,-124,169,85,-11,-38,-80,-7,-526,-282,110,-302,-231,,,,,,,,,,,,,,,,,,,,,,,,,,,,,,,,,,,,,,,,,,,,,
199,Hind Zinc,HINDZINC,,8,250,-248,261,-62,-178,1,8329,-6416,-1941,1875,-844,,,,,,,,,,,,,,,,,,,,,,,,,,,,,,,,,,,,,,,,,,,,,
200,Hindalco,HINDALCO,,-703,93,489,-508,230,-131,-341,4085,-2487,-297,1723,696,,,,,,,,,,,,,,,,,,,,,,,,,,,,,,,,,,,,,,,,,,,,,
201,Hindustan Aeron,HAL,,,,,,,,,2433,-2680,-80,266,,,,,,,,,,,,,,,,,,,,,,,,,,,,,,,,,,,,,,,,,,,,,,
202,Honeywell Autom,HONAUT,-34,,,,,,-138,199,119,80,-165,48,,87,105,-6,38,186,,,,,,,,,,,,,,,,,,,,,,,,,,,,,,,,,,,,,,,,
203,HPCL,HINDPETRO,,-183,-706,423,-1066,-653,-18,-1290,658,-697,-243,-234,519,,,,,,,,,,,,,,,,,,,,,,,,,,,,,,,,,,,,,,,,,,,,,
204,HUDCO,HUDCO,,-265,-29,2051,338,-368,9,60,-93,24,39,112,269,,,,,,,,,,,,,,,,,,,,,,,,,,,,,,,,,,,,,,,,,,,,,
205,HUL,HINDUNILVR,,115,-678,695,-597,294,101,-85,-63,1,2,2555,1576,,,,,,,,,,,,,,,,,,,,,,,,,,,,,,,,,,,,,,,,,,,,,
206,ICICI Bank,ICICIBANK,,8907,-4784,2139,5188,112,775,17564,15844,8456,-3873,38859,-8075,,,,,,,,,,,,,,,,,,,,,,,,,,,,,,,,,,,,,,,,,,,,,
207,ICICI Lombard,ICICIGI,,37,340,-174,124,-108,-20,53,-1,398,-190,-369,-63,,,,,,,,,,,,,,,,,,,,,,,,,,,,,,,,,,,,,,,,,,,,,
208,ICICI Prudentia,ICICIPRULI,,,,1654,-1591,2532,-2257,2219,2439,-887,2975,-2608,,,,,,,,,,,,,,,,,,,,,,,,,,,,,,,,,,,,,,,,,,,,,,
209,ICICI Securitie,ISEC,,,,,,,,,91,51,1707,-1339,,,,,,,,,,,,,,,,,,,,,,,,,,,,,,,,,,,,,,,,,,,,,,
210,IDBI Bank,IDBI,,3364,6183,-2708,-133,-1107,-2292,1938,9084,1002,-12452,9197,2461,,,,,,,,,,,,,,,,,,,,,,,,,,,,,,,,,,,,,,,,,,,,,
211,IDFC,IDFC,,-624,193,-163,40,95,-57,86,152,-376,-1,0,-949,,,,,,,,,,,,,,,,,,,,,,,,,,,,,,,,,,,,,,,,,,,,,
212,IDFC First Bank,IDFCFIRSTB,,,,,,,0,1612,2198,-205,4675,-5376,,,,,,,,,,,,,,,,,,,,,,,,,,,,,,,,,,,,,,,,,,,,,,
213,IEX,IEX,,,,,0,-22,10,-4,76,-29,-2,-38,,,,,,,,,,,,,,,,,,,,,,,,,,,,,,,,,,,,,,,,,,,,,,
214,IFB Industries,IFBIND,,-6,-10,25,-9,21,-23,7,-2,17,8,31,17,,,,,,,,,,,,,,,,,,,,,,,,,,,,,,,,,,,,,,,,,,,,,
215,IFCI,IFCI,,-445,489,-129,207,-70,-106,-274,405,-357,203,638,-2974,,,,,,,,,,,,,,,,,,,,,,,,,,,,,,,,,,,,,,,,,,,,,
216,IGL,IGL,,-112,-79,71,63,106,-27,223,-328,78,-133,597,2,,,,,,,,,,,,,,,,,,,,,,,,,,,,,,,,,,,,,,,,,,,,,
217,IIFL Finance,IIFL,,132,65,-169,-104,-126,41,-38,6,15,414,192,216,,,,,,,,,,,,,,,,,,,,,,,,,,,,,,,,,,,,,,,,,,,,,
218,India Cements,INDIACEM,,-31,-21,-30,2,-2,2,-41,0,2,-2,0,-340,,,,,,,,,,,,,,,,,,,,,,,,,,,,,,,,,,,,,,,,,,,,,
219,India Tourism D,ITDC,,-15,-31,-12,-6,40,-22,9,-24,13,-25,-2,-41,,,,,,,,,,,,,,,,,,,,,,,,,,,,,,,,,,,,,,,,,,,,,
220,Indiabulls Hsg,IBULHSGFIN,,453,,-103,6565,-69,-341,-1272,2577,-1032,9474,-1865,48,,,,,,,,,,,,,,,,,,,,,,,,,,,,,,,,,,,,,,,,,,,,,
221,Indiabulls Real,IBREALEST,,916,-738,-5,-13,55,22,585,-633,-31,13,-12,-251,,,,,,,,,,,,,,,,,,,,,,,,,,,,,,,,,,,,,,,,,,,,,
222,Indiamart Inter,INDIAMART,,-48,1,0,0,,3,2,6,28,-9,-23,,,,,,,,,,,,,,,,,,,,,,,,,,,,,,,,,,,,,,,,,,,,,,
223,Indian Bank,INDIANB,,1429,449,251,825,852,2591,-1082,-1958,2886,7093,-6096,-89,,,,,,,,,,,,,,,,,,,,,,,,,,,,,,,,,,,,,,,,,,,,,
224,Indian Hotels,INDHOTEL,,424,-357,-67,12,3,244,-262,-6,106,-32,43,371,,,,,,,,,,,,,,,,,,,,,,,,,,,,,,,,,,,,,,,,,,,,,
225,Indoco Remedies,INDOCO,,9,-15,-12,0,1,1,0,50,-51,12,3,13,,,,,,,,,,,,,,,,,,,,,,,,,,,,,,,,,,,,,,,,,,,,,
226,Indostar Capita,INDOSTAR,,,,,,,,,-295,76,926,-902,,,,,,,,,,,,,,,,,,,,,,,,,,,,,,,,,,,,,,,,,,,,,,
227,IndusInd Bank,INDUSINDBK,,679,1421,1515,1309,-79,4010,-667,8516,-5412,1568,1220,-254,,,,,,,,,,,,,,,,,,,,,,,,,,,,,,,,,,,,,,,,,,,,,
228,Infibeam Avenue,INFIBEAM,,,0,0,0,1,2,455,-383,12,35,-45,,,,,,,,,,,,,,,,,,,,,,,,,,,,,,,,,,,,,,,,,,,,,,
229,Info Edge,NAUKRI,,-44,-74,18,-15,10,12,9,3,27,-6,357,273,,,,,,,,,,,,,,,,,,,,,,,,,,,,,,,,,,,,,,,,,,,,,
230,Infosys,INFY,,1008,3868,4392,844,3699,3622,1454,-10023,-2383,-1219,-1989,2600,,,,,,,,,,,,,,,,,,,,,,,,,,,,,,,,,,,,,,,,,,,,,
231,INOX Leisure,INOXLEISUR,,13,10,-10,16,-6,-6,13,-13,3,-1,28,-2,,,,,,,,,,,,,,,,,,,,,,,,,,,,,,,,,,,,,,,,,,,,,
232,Interglobe Avi,INDIGO,,-19,-8,212,-113,-34,136,559,-652,518,42,-37,,,,,,,,,,,,,,,,,,,,,,,,,,,,,,,,,,,,,,,,,,,,,,
233,IOB,IOB,,-1097,2194,4242,-1003,3750,5890,-2652,977,3322,4347,-6831,581,,,,,,,,,,,,,,,,,,,,,,,,,,,,,,,,,,,,,,,,,,,,,
234,IOC,IOC,,517,-21,-987,196,2105,-2493,160,-209,1,-15,497,-29,,,,,,,,,,,,,,,,,,,,,,,,,,,,,,,,,,,,,,,,,,,,,
235,Ipca Labs,IPCALAB,,2,-1,1,45,14,25,68,-31,74,150,-76,-2,,,,,,,,,,,,,,,,,,,,,,,,,,,,,,,,,,,,,,,,,,,,,
236,IRB Infra,IRB,,40,13,98,-100,-34,-9,36,-29,-6,0,337,-12,,,,,,,,,,,,,,,,,,,,,,,,,,,,,,,,,,,,,,,,,,,,,
237,Ircon Internati,IRCON,,330,694,593,483,-42,-336,1268,-1062,131,-650,-106,44,,,,,,,,,,,,,,,,,,,,,,,,,,,,,,,,,,,,,,,,,,,,,
238,IRCTC,IRCTC,,,,,,,6,263,296,7,-33,137,,,,,,,,,,,,,,,,,,,,,,,,,,,,,,,,,,,,,,,,,,,,,,
239,ITC,ITC,,89,1096,225,-103,-35,-85,36,84,-60,67,399,456,,,,,,,,,,,,,,,,,,,,,,,,,,,,,,,,,,,,,,,,,,,,,
240,ITI,ITI,,278,-204,-72,-4,15,239,-150,45,158,-121,42,5,,,,,,,,,,,,,,,,,,,,,,,,,,,,,,,,,,,,,,,,,,,,,
241,IWML,IIFLWAM,,,,,,,83,6,204,117,-404,17,,,,,,,,,,,,,,,,,,,,,,,,,,,,,,,,,,,,,,,,,,,,,,
242,J. K. Cement,JKCEMENT,,-14,189,111,-100,15,60,-16,-246,61,55,-201,-20,,,,,,,,,,,,,,,,,,,,,,,,,,,,,,,,,,,,,,,,,,,,,
243,JagranPrakashan,JAGRAN,,2,-12,-6,32,-27,12,-2,44,-39,1,-12,46,,,,,,,,,,,,,,,,,,,,,,,,,,,,,,,,,,,,,,,,,,,,,
244,Jai Corp,JAICORPLTD,,-6,3,0,-4,20,-12,-6,1,4,-6,0,7,,,,,,,,,,,,,,,,,,,,,,,,,,,,,,,,,,,,,,,,,,,,,
245,Jamna Auto,JAMNAAUTO,,2,6,-2,-1,3,-4,0,3,1,12,-18,-4,,,,,,,,,,,,,,,,,,,,,,,,,,,,,,,,,,,,,,,,,,,,,
246,JB Chemicals,JBCHEPHARM,,29,52,88,-62,-138,-2,22,-30,32,9,-10,27,,,,,,,,,,,,,,,,,,,,,,,,,,,,,,,,,,,,,,,,,,,,,
247,Jindal (Hisar),JSLHISAR,,,,,,0,2,13,-8,-1,12,1,,,,,,,,,,,,,,,,,,,,,,,,,,,,,,,,,,,,,,,,,,,,,,
248,Jindal Saw,JINDALSAW,-129,25,-72,79,-109,-22,141,-64,-72,-17,52,72,,,,,,,,,,,,,,,,,,,,,,,,,,,,,,,,,,,,,,,,,,,,,,
249,Jindal Stainles,JSL,,30,-358,-161,-78,-42,-8,29,-22,-15,-15,10,-38,,,,,,,,,,,,,,,,,,,,,,,,,,,,,,,,,,,,,,,,,,,,,
250,Jindal Steel,JINDALSTEL,,-249,-10,-16,10,708,-462,53,-185,-37,-35,314,-269,,,,,,,,,,,,,,,,,,,,,,,,,,,,,,,,,,,,,,,,,,,,,
251,JK Bank,J&KBANK,,-661,-1065,905,950,-1190,-480,-531,2183,2867,-2391,3921,838,,,,,,,,,,,,,,,,,,,,,,,,,,,,,,,,,,,,,,,,,,,,,
252,JK Lakshmi Cem,JKLAKSHMI,,-106,-129,0,-77,23,-21,-4,-3,3,6,13,-21,,,,,,,,,,,,,,,,,,,,,,,,,,,,,,,,,,,,,,,,,,,,,
253,JK Paper,JKPAPER,,-26,23,117,-114,-25,9,-3,13,95,-107,15,31,,,,,,,,,,,,,,,,,,,,,,,,,,,,,,,,,,,,,,,,,,,,,
254,JK Tyre & Ind,JKTYRE,,21,22,-7,16,83,-105,-17,1,4,16,-55,13,,,,,,,,,,,,,,,,,,,,,,,,,,,,,,,,,,,,,,,,,,,,,
255,JM Financial,JMFINANCIL,,-14,-54,30,0,102,-184,-23,-1,15,-24,8,-88,,,,,,,,,,,,,,,,,,,,,,,,,,,,,,,,,,,,,,,,,,,,,
256,Johnson Control,JCHAC,,1,-21,1,69,-70,4,-2,20,12,-6,-12,15,,,,,,,,,,,,,,,,,,,,,,,,,,,,,,,,,,,,,,,,,,,,,
257,JSW Energy,JSWENERGY,,1736,-682,-220,-49,51,724,-1425,18,-18,109,215,-70,,,,,,,,,,,,,,,,,,,,,,,,,,,,,,,,,,,,,,,,,,,,,
258,JSW Steel,JSWSTEEL,,-112,162,179,-403,220,386,-345,247,-261,4871,-1928,70,,,,,,,,,,,,,,,,,,,,,,,,,,,,,,,,,,,,,,,,,,,,,
259,JTEKT India,JTEKTINDIA,,-2,1,0,0,0,0,2,-2,1,108,-67,-43,,,,,,,,,,,,,,,,,,,,,,,,,,,,,,,,,,,,,,,,,,,,,
260,Jubilant Food,JUBLFOOD,,4,2,2,20,-8,8,1,0,45,-52,166,1,,,,,,,,,,,,,,,,,,,,,,,,,,,,,,,,,,,,,,,,,,,,,
261,Jubilant Life,JUBILANT,,157,551,-782,-18,-6,-42,-98,38,-40,-18,78,270,,,,,,,,,,,,,,,,,,,,,,,,,,,,,,,,,,,,,,,,,,,,,
262,Just Dial,JUSTDIAL,,5,7,4,0,9,12,-8,19,5,-17,-1,-4,,,,,,,,,,,,,,,,,,,,,,,,,,,,,,,,,,,,,,,,,,,,,
263,Jyothy Labs,JYOTHYLAB,,9,80,-77,-21,72,103,-7,18,21,13,-60,10,,,,,,,,,,,,,,,,,,,,,,,,,,,,,,,,,,,,,,,,,,,,,
264,Kajaria Ceramic,KAJARIACER,,-3,-2,3,-3,1,2,-2,44,28,-57,-7,0,,,,,,,,,,,,,,,,,,,,,,,,,,,,,,,,,,,,,,,,,,,,,
265,Kalpataru Power,KALPATPOWR,,-7,12,35,-36,12,14,31,106,-132,62,167,6,,,,,,,,,,,,,,,,,,,,,,,,,,,,,,,,,,,,,,,,,,,,,
266,Kansai Nerolac,KANSAINER,,-35,-1,20,1,-5,-21,444,-433,17,19,86,43,,,,,,,,,,,,,,,,,,,,,,,,,,,,,,,,,,,,,,,,,,,,,
267,Karnataka Bank,KTKBANK,,345,181,-120,88,384,277,431,229,327,9,-690,-161,,,,,,,,,,,,,,,,,,,,,,,,,,,,,,,,,,,,,,,,,,,,,
268,KEC Intl,KEC,,-69,-2,34,-33,26,36,-105,65,53,-30,-61,68,,,,,,,,,,,,,,,,,,,,,,,,,,,,,,,,,,,,,,,,,,,,,
269,KEI Industries,KEI,,-18,7,-8,11,-11,0,1,137,45,-37,97,-9,,,,,,,,,,,,,,,,,,,,,,,,,,,,,,,,,,,,,,,,,,,,,
270,KNR Construct,KNRCON,,-4,0,0,0,1,1,-1,12,21,-31,14,7,,,,,,,,,,,,,,,,,,,,,,,,,,,,,,,,,,,,,,,,,,,,,
271,Kotak Mahindra,KOTAKBANK,,1160,171,164,1055,2291,282,4617,11692,-2952,5055,28617,-964,,,,,,,,,,,,,,,,,,,,,,,,,,,,,,,,,,,,,,,,,,,,,
272,KPIT Tech,KPITTECH,,,,,,,,,,0,39,7,,,,,,,,,,,,,,,,,,,,,,,,,,,,,,,,,,,,,,,,,,,,,,
273,KPR Mill,KPRMILL,,6,-16,5,38,-59,-2,-13,15,-3,40,89,-13,,,,,,,,,,,,,,,,,,,,,,,,,,,,,,,,,,,,,,,,,,,,,
274,KRBL,KRBL,,-5,-3,11,-3,51,-57,11,-15,36,-36,10,-17,,,,,,,,,,,,,,,,,,,,,,,,,,,,,,,,,,,,,,,,,,,,,
275,KSB Pumps,KSB,-5,,,,,,,,,,,,,49,2,-17,18,54,17,31,-26,-8,-6,36,,,,,,,,,,,,,,,,,,,,,,,,,,,,,,,,,,
276,L&T Finance,L&TFH,,-2,0,4,45,-3,-15,9,-40,11,-11,0,2,,,,,,,,,,,,,,,,,,,,,,,,,,,,,,,,,,,,,,,,,,,,,
277,L&T Infotech,LTI,,42,-23,-8,-9,32,-12,-14,68,59,-34,156,58,,,,,,,,,,,,,,,,,,,,,,,,,,,,,,,,,,,,,,,,,,,,,
278,L&T Technology,LTTS,,,,,0,29,83,-31,-15,76,48,7,,,,,,,,,,,,,,,,,,,,,,,,,,,,,,,,,,,,,,,,,,,,,,
279,La Opala RG,LAOPALA,,1,-1,0,0,8,-9,0,1,1,0,-1,-1,,,,,,,,,,,,,,,,,,,,,,,,,,,,,,,,,,,,,,,,,,,,,
280,Lakshmi Machine,LAXMIMACH,,108,6,-4,-2,3,22,-18,5,98,-61,-29,51,,,,,,,,,,,,,,,,,,,,,,,,,,,,,,,,,,,,,,,,,,,,,
281,Larsen,LT,,657,298,175,-410,337,-203,-687,-140,1250,-464,464,-189,,,,,,,,,,,,,,,,,,,,,,,,,,,,,,,,,,,,,,,,,,,,,
282,Laurus Labs,LAURUSLABS,,,,4,-2,12,21,-27,-8,0,0,0,,,,,,,,,,,,,,,,,,,,,,,,,,,,,,,,,,,,,,,,,,,,,,
283,Lemon Tree Hote,LEMONTREE,,,,,,,-26,1,1,0,5,1,,,,,,,,,,,,,,,,,,,,,,,,,,,,,,,,,,,,,,,,,,,,,,
284,LIC Housing Fin,LICHSGFIN,,132,-113,-101,-146,1525,-174,1001,511,460,893,-1436,-229,,,,,,,,,,,,,,,,,,,,,,,,,,,,,,,,,,,,,,,,,,,,,
285,Linde India,LINDEINDIA,130,,,,,,,,,,,,,-66,-15,-34,23,12,-1,-37,85,-68,87,115,,,,,,,,,,,,,,,,,,,,,,,,,,,,,,,,,,
286,Lupin,LUPIN,,25,-1,-18,1,237,1452,-1696,2252,-52,-50,1112,-203,,,,,,,,,,,,,,,,,,,,,,,,,,,,,,,,,,,,,,,,,,,,,
287,Lux Industries,LUXIND,,-12,28,5,-30,11,26,-34,0,-5,0,-1,,,,,,,,,,,,,,,,,,,,,,,,,,,,,,,,,,,,,,,,,,,,,,
288,M&M,M&M,,189,-1137,625,28,542,-788,-75,-305,884,820,86,638,,,,,,,,,,,,,,,,,,,,,,,,,,,,,,,,,,,,,,,,,,,,,
289,Mah Scooters,MAHSCOOTER,,-6,-1,4,24,-17,-2,-6,0,0,0,75,2,,,,,,,,,,,,,,,,,,,,,,,,,,,,,,,,,,,,,,,,,,,,,
290,Mah Seamless,MAHSEAMLES,,-102,2,10,-12,21,-14,-3,3,4,51,-57,-144,,,,,,,,,,,,,,,,,,,,,,,,,,,,,,,,,,,,,,,,,,,,,
291,Mahanagar Gas,MGL,,0,-5,11,-3,13,-10,5,-15,8,12,-11,4,,,,,,,,,,,,,,,,,,,,,,,,,,,,,,,,,,,,,,,,,,,,,
292,Mahindra Holida,MHRIL,,-8,-44,-42,-91,7,-28,61,129,-131,2,-12,25,,,,,,,,,,,,,,,,,,,,,,,,,,,,,,,,,,,,,,,,,,,,,
293,Mahindra Life,MAHLIFE,,6,-83,-83,-28,-57,4,99,-92,-10,73,-36,85,,,,,,,,,,,,,,,,,,,,,,,,,,,,,,,,,,,,,,,,,,,,,
294,Mahindra Logist,MAHLOG,,,,,,,-40,-25,-33,16,-11,44,,,,,,,,,,,,,,,,,,,,,,,,,,,,,,,,,,,,,,,,,,,,,,
295,Manappuram Fin,MANAPPURAM,,155,293,8,197,0,-58,-207,-68,28,3,1795,46,,,,,,,,,,,,,,,,,,,,,,,,,,,,,,,,,,,,,,,,,,,,,
296,Marico,MARICO,,-12,7,-8,13,-3,-1,-6,-2,-6,2,17,-7,,,,,,,,,,,,,,,,,,,,,,,,,,,,,,,,,,,,,,,,,,,,,
297,Maruti Suzuki,MARUTI,,-1841,2410,81,-51,-55,-51,21,-28,57,107,-159,1608,,,,,,,,,,,,,,,,,,,,,,,,,,,,,,,,,,,,,,,,,,,,,
298,MAS Financial S,MASFIN,,23,31,46,48,16,35,-38,-139,2,318,669,21,,,,,,,,,,,,,,,,,,,,,,,,,,,,,,,,,,,,,,,,,,,,,
299,Max Financial,MFSL,,-152,83,41,-130,3,1,-11,7,-7,0,0,159,,,,,,,,,,,,,,,,,,,,,,,,,,,,,,,,,,,,,,,,,,,,,
300,MCX India,MCX,,-128,13,28,-16,-22,-18,-14,-17,43,-43,-1,160,,,,,,,,,,,,,,,,,,,,,,,,,,,,,,,,,,,,,,,,,,,,,
301,Meghmani Organi,MEGH,,-1,11,1,-7,8,5,-3,0,0,1,6,46,,,,,,,,,,,,,,,,,,,,,,,,,,,,,,,,,,,,,,,,,,,,,
302,Metropolis,METROPOLIS,,,,,,3,-3,11,-6,12,-12,59,,,,,,,,,,,,,,,,,,,,,,,,,,,,,,,,,,,,,,,,,,,,,,
303,Minda Corp,MINDACORP,,4,-1,40,-38,-3,5,37,-43,0,-3,12,-1,,,,,,,,,,,,,,,,,,,,,,,,,,,,,,,,,,,,,,,,,,,,,
304,Minda Ind,MINDAIND,,9,10,25,-16,-22,4,-3,298,-300,-12,91,-1,,,,,,,,,,,,,,,,,,,,,,,,,,,,,,,,,,,,,,,,,,,,,
305,Mindtree,MINDTREE,,17,9,14,65,-6,249,-198,94,76,-72,135,-37,,,,,,,,,,,,,,,,,,,,,,,,,,,,,,,,,,,,,,,,,,,,,
306,Mishra Dhatu Ni,MIDHANI,,,,,,,,,12,-33,13,-4,,,,,,,,,,,,,,,,,,,,,,,,,,,,,,,,,,,,,,,,,,,,,,
307,MMTC Ltd,MMTC,,223,667,-3895,-1378,-946,-365,-86,315,-312,-11,36,-94,,,,,,,,,,,,,,,,,,,,,,,,,,,,,,,,,,,,,,,,,,,,,
308,MOIL,MOIL,,255,393,209,188,516,37,20,-550,-82,-3,84,624,,,,,,,,,,,,,,,,,,,,,,,,,,,,,,,,,,,,,,,,,,,,,
309,Motherson Sumi,MOTHERSUMI,,19,1,-16,45,-48,128,-131,171,-84,32,97,-15,,,,,,,,,,,,,,,,,,,,,,,,,,,,,,,,,,,,,,,,,,,,,
310,Motilal Oswal,MOTILALOFS,,-176,-24,0,10,-9,4,106,-106,17,75,419,82,,,,,,,,,,,,,,,,,,,,,,,,,,,,,,,,,,,,,,,,,,,,,
311,MphasiS,MPHASIS,,,,,,-22,20,-58,120,-54,-54,605,,,,,,,,,,,,,,,,,,,,,,,,,,,,,,,,,,,62,-42,32,73,41,,,,,,,
312,MRF,MRF,,,,,,,,-178,101,-80,-41,1047,,,,,,,,,,,,,,,,226,29,-42,,,,,,,,-15,9,5,,,,,,,,,,,,-31,,,,,,
313,MRPL,MRPL,,195,-1868,547,-629,9068,-3487,-13,-1121,207,-438,-1,1362,,,,,,,,,,,,,,,,,,,,,,,,,,,,,,,,,,,,,,,,,,,,,
314,Muthoot Finance,MUTHOOTFIN,,-307,626,-568,809,617,-222,-1058,613,-834,1258,3791,624,,,,,,,,,,,,,,,,,,,,,,,,,,,,,,,,,,,,,,,,,,,,,
315,NALCO,NATIONALUM,,283,643,373,-664,544,580,651,-630,1,146,-153,-647,,,,,,,,,,,,,,,,,,,,,,,,,,,,,,,,,,,,,,,,,,,,,
316,Narayana Hruda,NH,,,-18,-1,9,-3,-4,46,25,-24,61,-12,,,,,,,,,,,,,,,,,,,,,,,,,,,,,,,,,,,,,,,,,,,,,,
317,Natco Pharma,NATCOPHARM,,-16,28,1,-24,0,-1,93,-6,-3,1,-4,0,,,,,,,,,,,,,,,,,,,,,,,,,,,,,,,,,,,,,,,,,,,,,
318,Nava Bharat Ven,NBVENTURES,,234,39,176,-123,-347,-80,-22,19,-2,-4,12,18,,,,,,,,,,,,,,,,,,,,,,,,,,,,,,,,,,,,,,,,,,,,,
319,Navin Fluorine,NAVINFLUOR,,64,-61,8,11,-3,-12,1,13,-9,-1,156,-8,,,,,,,,,,,,,,,,,,,,,,,,,,,,,,,,,,,,,,,,,,,,,
320,Navneet,NAVNETEDUL,,5,0,-7,-1,3,-1,2,-10,-66,59,17,2,,,,,,,,,,,,,,,,,,,,,,,,,,,,,,,,,,,,,,,,,,,,,
321,NBCC (India),NBCC,,34,226,143,141,327,-229,53,376,203,146,239,37,,,,,,,,,,,,,,,,,,,,,,,,,,,,,,,,,,,,,,,,,,,,,
322,NCC,NCC,,65,-64,-56,13,-20,26,141,-103,-50,137,-111,-98,,,,,,,,,,,,,,,,,,,,,,,,,,,,,,,,,,,,,,,,,,,,,
323,NESCO,NESCO,,-10,8,-6,-2,2,0,1,-1,2,-3,4,2,,,,,,,,,,,,,,,,,,,,,,,,,,,,,,,,,,,,,,,,,,,,,
324,Nestle,NESTLEIND,96,,,,,,,,,,,,,130,47,-47,239,775,-423,529,674,691,683,-1223,,,,,,,,,,,,,,,,,,,,,,,,,,,,,,,,,,
325,Network 18,NETWORK18,,70,-5,-56,26,11,-57,0,-3,1,-12,0,11,,,,,,,,,,,,,,,,,,,,,,,,,,,,,,,,,,,,,,,,,,,,,
326,New India Assur,NIACL,,,,,,,-715,-1167,936,1002,584,1567,,,,,,,,,,,,,,,,,,,,,,,,,,,,,,,,,,,,,,,,,,,,,,
327,NHPC,NHPC,,3197,253,654,-388,-312,118,1009,-1134,-53,5,-3,59,,,,,,,,,,,,,,,,,,,,,,,,,,,,,,,,,,,,,,,,,,,,,
328,Nilkamal,NILKAMAL,,0,5,-4,-1,2,-4,-1,-1,4,-4,6,-1,,,,,,,,,,,,,,,,,,,,,,,,,,,,,,,,,,,,,,,,,,,,,
329,Nippon,NAM-INDIA,,,,,,,-7,18,-37,20,-11,181,,,,,,,,,,,,,,,,,,,,,,,,,,,,,,,,,,,,,,,,,,,,,,
330,NLC India,NLCINDIA,,-629,-403,-1092,-462,1392,-993,-166,-2759,-9,1,-1,727,,,,,,,,,,,,,,,,,,,,,,,,,,,,,,,,,,,,,,,,,,,,,
331,NMDC,NMDC,,3115,-495,1945,1208,1375,28,-154,36,-44,12,23,2541,,,,,,,,,,,,,,,,,,,,,,,,,,,,,,,,,,,,,,,,,,,,,
332,NOCIL,NOCIL,,25,-7,-8,-24,3,-10,2,101,-81,12,-28,18,,,,,,,,,,,,,,,,,,,,,,,,,,,,,,,,,,,,,,,,,,,,,
333,NTPC,NTPC,,-1812,1726,-40,726,-1556,-2206,1092,-1215,-97,-36,-4,1338,,,,,,,,,,,,,,,,,,,,,,,,,,,,,,,,,,,,,,,,,,,,,
334,Oberoi Realty,OBEROIRLTY,,15,1113,-262,-712,107,-252,-26,23,-20,5,8,51,,,,,,,,,,,,,,,,,,,,,,,,,,,,,,,,,,,,,,,,,,,,,
335,Oil India,OIL,,2473,3225,-832,1197,-589,-2836,51,-5,-63,3547,-3155,1789,,,,,,,,,,,,,,,,,,,,,,,,,,,,,,,,,,,,,,,,,,,,,
336,Omaxe,OMAXE,,38,-20,4,60,-6,-36,-22,6,6,-18,-21,-71,,,,,,,,,,,,,,,,,,,,,,,,,,,,,,,,,,,,,,,,,,,,,
337,ONGC,ONGC,,-865,2971,5643,-6906,-2420,-1125,-105,29,-13,-13,80,-3321,,,,,,,,,,,,,,,,,,,,,,,,,,,,,,,,,,,,,,,,,,,,,
338,Oracle Fin Serv,OFSS,,233,-281,52,-73,-14,18,45,1963,-1888,60,-72,59,,,,,,,,,,,,,,,,,,,,,,,,,,,,,,,,,,,,,,,,,,,,,
339,Orient Cement,ORIENTCEM,,,,0,76,5,-40,-5,27,-31,-10,13,,,,,,,,,,,,,,,,,,,,,,,,,,,,,,,,,,,,,,,,,,,,,,
340,Orient Refract,ORIENTREF,,,0,1,-1,14,7,51,34,-99,14,88,,,,,,,,,,,,,,,,,,,,,,,,,,,,,,,,,,,,,,,,,,,,,,
341,P and G,PGHH,,,,,,,,,,,,,,,,,,,,,,,,,,,,,,,-78,144,-102,48,-12,105,349,,,,,452,-964,290,134,,,,,,,,,,,,,
342,Page Industries,PAGEIND,,-7,0,1,1,-1,1,4,12,27,-22,113,10,,,,,,,,,,,,,,,,,,,,,,,,,,,,,,,,,,,,,,,,,,,,,
343,Parag Milk Food,PARAGMILK,,,-6,0,0,2,1,1,36,-10,-23,15,,,,,,,,,,,,,,,,,,,,,,,,,,,,,,,,,,,,,,,,,,,,,,
344,PC Jeweller,PCJEWELLER,,22,-22,-8,69,31,-19,1,283,7,-300,-68,12,,,,,,,,,,,,,,,,,,,,,,,,,,,,,,,,,,,,,,,,,,,,,
345,Persistent,PERSISTENT,,170,-165,3,12,20,2,1,-5,-14,26,-3,1,,,,,,,,,,,,,,,,,,,,,,,,,,,,,,,,,,,,,,,,,,,,,
346,Petronet LNG,PETRONET,,-317,-183,826,285,-36,-870,1821,-1856,383,-478,749,299,,,,,,,,,,,,,,,,,,,,,,,,,,,,,,,,,,,,,,,,,,,,,
347,Pfizer,PFIZER,,,51,288,567,-1125,181,-417,-3,-17,23,1690,,,,,,,,,,,,,63,-16,,,,,,,,,,,,,,,,,,,,,,,,,,,,,,,,
348,Phillips Carbon,PHILIPCARB,,26,32,-52,53,-58,1,39,-26,111,-59,34,-8,,,,,,,,,,,,,,,,,,,,,,,,,,,,,,,,,,,,,,,,,,,,,
349,Phoenix Mills,PHOENIXLTD,,-134,-13,6,9,2,-4,51,-64,-1,1,-3,152,,,,,,,,,,,,,,,,,,,,,,,,,,,,,,,,,,,,,,,,,,,,,
350,PI Industries,PIIND,,1,3,0,0,24,-16,20,50,32,-56,49,1,,,,,,,,,,,,,,,,,,,,,,,,,,,,,,,,,,,,,,,,,,,,,
351,Pidilite Ind,PIDILITIND,,-94,39,-10,-10,37,-44,29,-19,19,-6,504,-21,,,,,,,,,,,,,,,,,,,,,,,,,,,,,,,,,,,,,,,,,,,,,
352,Piramal Enter,PEL,,-2,1650,-1654,9,6,4,-15,115,376,-513,-1523,-17,,,,,,,,,,,,,,,,,,,,,,,,,,,,,,,,,,,,,,,,,,,,,
353,PNB,PNB,,2060,6218,-863,-1693,18083,10716,17119,12709,7130,-20174,705,2582,,,,,,,,,,,,,,,,,,,,,,,,,,,,,,,,,,,,,,,,,,,,,
354,PNB Housing Fin,PNBHOUSING,,,60,-16,51,-38,22,120,-101,2751,1209,4486,0,,,,,,,,,,,,,,,,,,,,,,,,,,,,,,,,,,,,,,,,,,,,,
355,PNC Infratech,PNCINFRA,,4,-8,-3,0,62,-79,68,-70,102,146,430,19,,,,,,,,,,,,,,,,,,,,,,,,,,,,,,,,,,,,,,,,,,,,,
356,Polycab,POLYCAB,,,,,,,-6,10,-5,-15,171,-8,,,,,,,,,,,,,,,,,,,,,,,,,,,,,,,,,,,,,,,,,,,,,,
357,Power Finance,PFC,,1001,952,-362,2765,-4689,4961,-4991,3087,495,-228,-128,-282,,,,,,,,,,,,,,,,,,,,,,,,,,,,,,,,,,,,,,,,,,,,,
358,Power Grid Corp,POWERGRID,,849,402,-1343,-675,2756,-2355,391,1688,-1712,2127,1153,563,,,,,,,,,,,,,,,,,,,,,,,,,,,,,,,,,,,,,,,,,,,,,
359,Prestige Estate,PRESTIGE,,24,187,-184,248,-176,116,-68,-47,2,120,116,56,,,,,,,,,,,,,,,,,,,,,,,,,,,,,,,,,,,,,,,,,,,,,
360,Prism Cement,PRSMJOHNSN,,31,8,-8,-20,8,16,18,-21,1,-3,66,8,,,,,,,,,,,,,,,,,,,,,,,,,,,,,,,,,,,,,,,,,,,,,
361,Procter&Gamble,PGHL,0,,,,,,,,,,,,,-2,20,10,-28,3,-1,4,17,-16,1109,,,,,,,,,,,,,,,,,,,,,,,-483,,,,,,,,,,,,
362,PTC India,PTC,,369,-33,-345,308,-154,50,-88,7,114,-216,123,502,,,,,,,,,,,,,,,,,,,,,,,,,,,,,,,,,,,,,,,,,,,,,
363,PVR,PVR,,2,27,-19,8,-7,-5,226,-237,20,-30,190,-9,,,,,,,,,,,,,,,,,,,,,,,,,,,,,,,,,,,,,,,,,,,,,
364,Quess Corp,QUESS,,,-1,7,0,,18,19,142,185,-71,51,,,,,,12,,,,,,,,,,,,,,,,,,,,,,,,,,,,,,,,,,,,,,,,
365,Radico Khaitan,RADICO,,-9,-24,12,-5,-1,-5,-42,21,2,76,35,-41,,,,,,,,,,,,,,,,,,,,,,,,,,,,,,,,,,,,,,,,,,,,,
366,Rail Vikas,RVNL,,,,,,600,-419,571,-126,-910,-56,-11,,,,,,,,,,,,,,,,,,,,,,,,,,,,,,,,,,,,,,,,,,,,,,
367,Rain Industries,RAIN,-2,,,,,,,,,,,,,2,-6,79,23,-61,-21,-16,-3,-3,-1,18,,,,,,,,,,,,,,,,,,,,,,,,,,,,,,,,,,
368,Rajesh Exports,RAJESHEXPO,,1116,1161,40,1991,-2758,4020,544,2122,-148,844,,535,,,,,,,,,,,,,,,,,,,,,,,,,,,,,,,,,,,,,,,,,,,,,
369,Rallis India,RALLIS,,4,-1,-1,14,-15,-2,32,3,-1,-23,18,0,,,,,,,,,,,,,,,,,,,,,,,,,,,,,,,,,,,,,,,,,,,,,
370,Ramco Cements,RAMCOCEM,,-3,4,-18,34,-10,17,-121,171,-157,242,20,16,,,,,,,,,,,,,,,,,,,,,,,,,,,,,,,,,,,,,,,,,,,,,
371,Rashtriya Chem,RCF,,373,-365,-322,-52,24,15,-82,9,-5,-2,-2,362,,,,,,,,,,,,,,,,,,,,,,,,,,,,,,,,,,,,,,,,,,,,,
372,Ratnamani Metal,RATNAMANI,,-28,32,23,-11,-35,20,-34,4,-10,137,-96,32,,,,,,,,,,,,,,,,,,,,,,,,,,,,,,,,,,,,,,,,,,,,,
373,Raymond,RAYMOND,,-20,-12,-2,5,3,-6,-5,-2,20,-20,111,25,,,,,,,,,,,,,,,,,,,,,,,,,,,,,,,,,,,,,,,,,,,,,
374,RBL Bank,RBLBANK,,-104,2,319,101,503,757,-405,1635,305,2345,2408,-23,,,,,,,,,,,,,,,,,,,,,,,,,,,,,,,,,,,,,,,,,,,,,
375,REC,RECLTD,,-496,1442,2480,-3827,-291,-670,1206,2760,-4254,131,1335,633,,,,,,,,,,,,,,,,,,,,,,,,,,,,,,,,,,,,,,,,,,,,,
376,Redington,REDINGTON,,-36,128,-89,88,-55,-69,24,-12,113,-1,501,-22,,,,,,,,,,,,,,,,,,,,,,,,,,,,,,,,,,,,,,,,,,,,,
377,Relaxo Footwear,RELAXO,,-2,1,-1,1,4,-1,-2,1,0,-1,1,-1,,,,,,,,,,,,,,,,,,,,,,,,,,,,,,,,,,,,,,,,,,,,,
378,Reliance,RELIANCE,,-8714,13672,12463,9949,-16323,-21653,-4679,-5138,977,1037,4675,17896,,,,,,,,,,,,,,,,,,,,,,,,,,,,,,,,,,,,,,,,,,,,,
379,Repco Home,REPCOHOME,,30,-56,9,191,-188,-5,3,2,5,32,267,-6,,,,,,,,,,,,,,,,,,,,,,,,,,,,,,,,,,,,,,,,,,,,,
380,RITES,RITES,,,,,,,160,-18,274,-252,14,-43,,,,,,,,,,,,,,,,,,,,,,,,,,,,,,,,,,,,,,,,,,,,,,
381,S H Kelkar,SHK,,46,-45,4,10,-9,47,-9,-28,-19,5,32,,,,,,,,,,,,,,,,,,,,,,,,,,,,,,,,,,,,,,,,,,,,,,
382,SAIL,SAIL,,4174,-4959,-332,-53,-62,-55,-16,-12,-41,-45,119,4421,,,,,,,,,,,,,,,,,,,,,,,,,,,,,,,,,,,,,,,,,,,,,
383,Sanofi India,SANOFI,280,,,,,,,,,,,,,64,180,-421,195,-168,205,102,-13,168,104,295,,,,,,,,,,,,,,,,,,,,,,,,,,,,,,,,,,
384,SBI,SBIN,,-18215,36685,-25711,17657,17729,22206,12712,4504,19927,30591,28607,36937,,,,,,,,,,,,,,,,,,,,,,,,,,,,,,,,,,,,,,,,,,,,,
385,SBI Life Insura,SBILIFE,,,,,845,-600,2416,-1570,-651,1264,-321,2114,,,,,,,,,,,,,,,,,,,,,,,,,,,,,,,,,,,,,,,,,,,,,,
386,Schaeffler Ind,SCHAEFFLER,0,,,,,,,,,,,,,110,115,-122,-56,100,-91,-57,32,43,2,-27,,,,,,,,,,,,,,,,,,,,,,,,,,,,,,,,,,
387,Schneider Infra,SCHNEIDER,,,,11,-6,-3,53,-53,20,30,-33,-5,,,,,,,,,,,,,,,,,,,,,,,,,,,,,,,,,,,,,,,,,,,,,,
388,Sheela Foam,SFL,,,,-10,14,40,39,97,56,34,-129,18,,,,,,,,,,,,,,,,,,,,,,,,,,,,,,,,,,,,,,,,,,,,,,
389,Shilpa,SHILPAMED,,-2,1,-82,9,-10,2,4,91,-20,-42,5,-10,,,,,,,,,,,,,,,,,,,,,,,,,,,,,,,,,,,,,,,,,,,,,
390,Shipping Corp,SCI,,-266,-210,-1024,-178,-246,237,384,74,-329,-146,149,582,,,,,,,,,,,,,,,,,,,,,,,,,,,,,,,,,,,,,,,,,,,,,
391,Shoppers Stop,SHOPERSTOP,,-13,0,4,4,-3,-4,0,-39,84,13,-142,10,,,,,,,,,,,,,,,,,,,,,,,,,,,,,,,,,,,,,,,,,,,,,
392,Shree Cements,SHREECEM,,-56,-13,,,,,31,-13,10,-18,-31,5,,,,,,,,,,,,,,,,,,,,,-8,8,11,-10,,,,,,,,,,,,,,,,,,,,,
393,Shriram City,SHRIRAMCIT,,-333,843,-1055,809,-602,-793,40,23,-98,648,1110,673,,,,,,,,,,,,,,,,,,,,,,,,,,,,,,,,,,,,,,,,,,,,,
394,Shriram Trans,SRTRANSFIN,,-2137,-807,2176,642,843,-1824,-2685,338,-40,-62,2060,3939,,,,,,,,,,,,,,,,,,,,,,,,,,,,,,,,,,,,,,,,,,,,,
395,Siemens,SIEMENS,,,,,,,,,,,,,,,,,,,,,,,,,,,,-373,449,532,,,,,,,,-378,96,-186,,,,,,,,,,,,517,975,-864,1607,-420,-133,
396,SIS,SIS,,,,,,,-4,-17,-109,-5,-111,-169,,,,,,,,,,,,,,,,,,,,,,,,,,,,,,,,,,,,,,,,,,,,,,
397,SJVN,SJVN,,271,522,-175,534,-7,441,731,-444,-613,-125,213,578,,,,,,,,,,,,,,,,,,,,,,,,,,,,,,,,,,,,,,,,,,,,,
398,SKF India,SKFINDIA,70,,,,,,,-99,136,-123,11,-2,,97,-76,56,52,-89,122,,,,,,,,,,,,,,,,,,,,,,,,,,,,,,,,,,,,,,,
399,Sobha,SOBHA,,59,-59,20,9,4,49,11,-15,-13,80,-101,8,,,,,,,,,,,,,,,,,,,,,,,,,,,,,,,,,,,,,,,,,,,,,
400,Solar Ind,SOLARINDS,,5,-32,-17,-9,30,-21,0,6,-4,16,43,-1,,,,,,,,,,,,,,,,,,,,,,,,,,,,,,,,,,,,,,,,,,,,,
401,Somany Ceramics,SOMANYCERA,,5,0,6,3,7,-18,0,-6,-6,23,-16,-1,,,,,,,,,,,,,,,,,,,,,,,,,,,,,,,,,,,,,,,,,,,,,
402,Sonata,SONATSOFTW,,11,14,5,35,58,-89,-29,6,92,-45,66,0,,,,,,,,,,,,,,,,,,,,,,,,,,,,,,,,,,,,,,,,,,,,,
403,South Ind Bk,SOUTHBANK,,-48,478,174,1695,-1118,377,-1121,613,333,602,-633,333,,,,,,,,,,,,,,,,,,,,,,,,,,,,,,,,,,,,,,,,,,,,,
404,SpiceJet,SPICEJET,,101,-112,206,-3,-212,19,58,-57,100,-54,-41,205,,,,,,,,,,,,,,,,,,,,,,,,,,,,,,,,,,,,,,,,,,,,,
405,SRF,SRF,,62,38,65,-53,-3,-10,223,-232,20,95,-65,-5,,,,,,,,,,,,,,,,,,,,,,,,,,,,,,,,,,,,,,,,,,,,,
406,Star Cement,STARCEMENT,,-9,-3,1,10,-11,8,-4,1,-2,71,158,,,,,,,,,,,,,,,,,,,,,,,,,,,,,,,,,,,,,,,,,,,,,,
407,Sterlite Techno,STLTECH,,2,10,90,-11,-66,14,-20,51,-2,-11,18,0,,,,,,,,,,,,,,,,,,,,,,,,,,,,,,,,,,,,,,,,,,,,,
408,Strides Pharma,STAR,-110,,,,,497,-290,592,-538,-208,-3,-4,,14,48,2,-50,,,,,,,,,,,,,,,,,,,,,,,,,,,,,,,,,,,,,,,,,
409,Sudarshan Chem,SUDARSCHEM,,1,3,22,-13,-8,7,1,-9,-3,-3,0,0,,,,,,,,,,,,,,,,,,,,,,,,,,,,,,,,,,,,,,,,,,,,,
410,SUMITOMO,SUMICHEM,,,0,24,-17,11,-4,47,-34,16,-26,43,,,,,,,,,,,,,,,,,,,,,,,,,,,,,,,,,,,,,,,,,,,,,,
411,Sun Pharma,SUNPHARMA,,160,-153,148,53,-145,117,17,7,-50,205,-82,276,,,,,,,,,,,,,,,,,,,,,,,,,,,,,,,,,,,,,,,,,,,,,
412,Sun Pharma Adv,SPARC,,1,-1,0,0,0,11,-7,60,-63,0,0,0,,,,,,,,,,,,,,,,,,,,,,,,,,,,,,,,,,,,,,,,,,,,,
413,Sun TV Network,SUNTV,,-2,52,-40,13,-24,7,160,102,-397,116,28,19,,,,,,,,,,,,,,,,,,,,,,,,,,,,,,,,,,,,,,,,,,,,,
414,Sundram,SUNDRMFAST,,-6,4,-1,4,-2,-2,-4,4,2,-3,4,-9,,,,,,,,,,,,,,,,,,,,,,,,,,,,,,,,,,,,,,,,,,,,,
415,Sunteck Realty,SUNTECK,,6,-6,0,2,-2,1,0,27,-14,0,7,-16,,,,,,,,,,,,,,,,,,,,,,,,,,,,,,,,,,,,,,,,,,,,,
416,Suprajit Eng,SUPRAJIT,,0,1,1,3,-3,1,-2,1,1,14,3,0,,,,,,,,,,,,,,,,,,,,,,,,,,,,,,,,,,,,,,,,,,,,,
417,Supreme Ind,SUPREMEIND,,,,,,,,-155,52,-46,1,188,,,,,,,,,,,,,,,,,,,-18,8,-4,0,10,5,155,,,,,,,,,,,,,,,,,,,,,
418,Suzlon Energy,SUZLON,,398,-340,133,-123,-79,7,27,59,293,-430,20,-708,,,,,,,,,,,,,,,,,,,,,,,,,,,,,,,,,,,,,,,,,,,,,
419,Swan Energy,SWANENERGY,,53,-18,84,-155,-8,2,-2,11,-15,0,11,5,,,,,,,,,,,,,,,,,,,,,,,,,,,,,,,,,,,,,,,,,,,,,
420,Symphony,SYMPHONY,,,,,,,,4,7,-1,-2,-11,,,,,,,,,,,,,,,,,,,-15,0,0,0,5,-3,3,,,,,,,,,,,,,,,,,,,,,
421,Syngene Intl,SYNGENE,,6,-1,32,-26,80,24,272,-153,17,-88,28,,,,,,,,,,,,,,,1,,,,,,,,,,,,,,,,,,,,,,,,,,,,,,,
422,Tamil Newsprint,TNPL,,2,-7,7,5,-12,8,-4,-59,144,-77,-1,-5,,,,,,,,,,,,,,,,,,,,,,,,,,,,,,,,,,,,,,,,,,,,,
423,Tasty Bite,TASTYBITE,,0,-1,4,3,-5,2,1,-1,2,2,0,1,,,,,,,,,,,,,,,,,,,,,,,,,,,,,,,,,,,,,,,,,,,,,
424,Tata Chemicals,TATACHEM,,74,86,93,210,-114,-403,25,511,2206,-2254,-966,361,,,,,,,,,,,,,,,,,,,,,,,,,,,,,,,,,,,,,,,,,,,,,
425,Tata Coffee,TATACOFFEE,,11,-11,5,9,-10,-5,19,-25,24,-24,2,2,,,,,,,,,,,,,,,,,,,,,,,,,,,,,,,,,,,,,,,,,,,,,
426,Tata Comm,TATACOMM,,-262,320,-379,274,193,-371,-69,16,525,-466,17,285,,,,,,,,,,,,,,,,,,,,,,,,,,,,,,,,,,,,,,,,,,,,,
427,TATA Cons. Prod,TATACONSUM,,-40,2,10,3,-13,13,195,-45,207,196,-161,32,,,,,,,,,,,,,,,,,,,,,,,,,,,,,,,,,,,,,,,,,,,,,
428,Tata Elxsi,TATAELXSI,,-2,7,3,-3,29,83,49,120,-108,-30,175,1,,,,,,,,,,,,,,,,,,,,,,,,,,,,,,,,,,,,,,,,,,,,,
429,Tata Inv Corp,TATAINVEST,,-31,21,-38,-101,-66,1,11,-11,-10,4,1,205,,,,,,,,,,,,,,,,,,,,,,,,,,,,,,,,,,,,,,,,,,,,,
430,Tata Metaliks,TATAMETALI,,0,-7,70,-70,16,-15,-1,0,1,25,80,-1,,,,,,,,,,,,,,,,,,,,,,,,,,,,,,,,,,,,,,,,,,,,,
431,Tata Motors,TATAMOTORS,,48,636,-432,-714,-7,663,-639,-198,318,-59,1658,-1196,,,,,,,,,,,,,,,,,,,,,,,,,,,,,,,,,,,,,,,,,,,,,
432,Tata Power,TATAPOWER,,1273,-476,-174,-260,-346,211,-381,257,-192,131,85,17,,,,,,,,,,,,,,,,,,,,,,,,,,,,,,,,,,,,,,,,,,,,,
433,Tata Steel,TATASTEEL,,1641,905,-202,-1735,-1231,-487,480,-69,3684,-4044,449,1126,,,,,,,,,,,,,,,,,,,,,,,,,,,,,,,,,,,,,,,,,,,,,
434,TCNS Clothing C,TCNSBRANDS,,1,1,6,,,,,,35,-15,31,,,,,,,,,,,,,,,,,,,,,,,,,,,,,,,,,,,,,,,,,,,,,,
435,TCS,TCS,,-247,284,-258,5,115,-9,3922,-3593,488,2049,525,142,,,,,,,,,,,,,,,,,,,,,,,,,,,,,,,,,,,,,,,,,,,,,
436,TeamLease Ser.,TEAMLEASE,,21,-14,32,2,-30,9,28,-7,48,-12,-44,,,,,,,,,,,,,,,,,,,,,,,,,,,,,,,,,,,,,,,,,,,,,,
437,Tech Mahindra,TECHM,,-355,52,-57,136,729,-299,1002,-736,-82,69,844,415,,,,,,,,,,,,,,,,,,,,,,,,,,,,,,,,,,,,,,,,,,,,,
438,Thermax,THERMAX,,265,-10,-26,-347,98,41,-1,80,12,87,-84,313,,,,,,,,,,,,,,,,,,,,,,,,,,,,,,,,,,,,,,,,,,,,,
439,Thyrocare Techn,THYROCARE,,5,32,19,-42,-6,-7,3,1,-1,-3,1,,,,,,,,,,,,,,,,,,,,,,,,,,,,,,,,,,,,,,,,,,,,,,
440,Time Techno,TIMETECHNO,,-9,-7,-2,4,6,-6,-2,-4,13,1,0,31,,,,,,,,,,,,,,,,,,,,,,,,,,,,,,,,,,,,,,,,,,,,,
441,Timken,TIMKEN,-3,,,-148,-20,0,-7,36,34,-27,119,230,,2,67,,,,,,,,,,,,,,,,,,,,,,,,,,,,,,,,,,,,,,,,,,,
442,Titan Company,TITAN,,132,910,-136,175,-330,-620,-89,592,-205,-102,-314,3,,,,,,,,,,,,,,,,,,,,,,,,,,,,,,,,,,,,,,,,,,,,,
443,TML-D,TATAMTRDVR,,,,,,,,,,,,,,,,,,,,,,,,,,,,,,,,,,,,,,,,,,,,,,,,,,,,,,,,,,
444,Torrent Pharma,TORNTPHARM,,165,-78,62,-133,70,-38,493,19,-349,-69,-57,171,,,,,,,,,,,,,,,,,,,,,,,,,,,,,,,,,,,,,,,,,,,,,
445,Torrent Power,TORNTPOWER,,699,189,-54,-79,579,122,-537,-439,32,-20,-35,429,,,,,,,,,,,,,,,,,,,,,,,,,,,,,,,,,,,,,,,,,,,,,
446,Trent,TRENT,,-4,291,-31,-126,-110,-4,-2,6,-1,21,-7,-3,,,,,,,,,,,,,,,,,,,,,,,,,,,,,,,,,,,,,,,,,,,,,
447,Trident,TRIDENT,,6,-20,12,-5,-1,-2,1,23,20,-38,309,-20,,,,,,,,,,,,,,,,,,,,,,,,,,,,,,,,,,,,,,,,,,,,,
448,TTK Prestige,TTKPRESTIG,,33,9,-31,10,-3,-4,2,10,-3,28,-25,0,,,,,,,,,,,,,,,,,,,,,,,,,,,,,,,,,,,,,,,,,,,,,
449,TV TodayNetwork,TVTODAY,,39,-1,10,17,26,11,-42,3,-9,7,17,42,,,,,,,,,,,,,,,,,,,,,,,,,,,,,,,,,,,,,,,,,,,,,
450,TV18 Broadcast,TV18BRDCST,,190,-143,-14,89,-89,-26,-1,1,-6,2,4,-4,,,,,,,,,,,,,,,,,,,,,,,,,,,,,,,,,,,,,,,,,,,,,
451,TVS Motor,TVSMOTOR,,142,-174,-135,4,66,-78,27,-97,91,177,375,-22,,,,,,,,,,,,,,,,,,,,,,,,,,,,,,,,,,,,,,,,,,,,,
452,TVS Srichakra,TVSSRICHAK,,-5,-3,0,39,-37,1,3,-2,5,1,-6,9,,,,,,,,,,,,,,,,,,,,,,,,,,,,,,,,,,,,,,,,,,,,,
453,UCO Bank,UCOBANK,,-2749,8876,-3377,-1260,2668,7157,-3610,-459,-3352,9684,-6626,2750,,,,,,,,,,,,,,,,,,,,,,,,,,,,,,,,,,,,,,,,,,,,,
454,Uflex,UFLEX,,90,-61,-15,3,54,-71,117,-68,-35,-1,-18,-189,,,,,,,,,,,,,,,,,,,,,,,,,,,,,,,,,,,,,,,,,,,,,
455,Ujjivan Financi,UJJIVAN,,4,38,,20,213,252,-191,-320,-12,-114,0,17,,,,,,,,,,,,,,,,,,,,,,,,,,,,,,,,,,,,,,,,,,,,,
456,UltraTechCement,ULTRACEMCO,,-21,61,45,-47,135,-63,15,-25,13,360,-283,4,,,,,,,,,,,,,,,,,,,,,,,,,,,,,,,,,,,,,,,,,,,,,
457,Union Bank,UNIONBANK,,-208,4322,-4423,535,6862,-695,69,3546,16619,-6395,12060,5887,,,,,,,,,,,,,,,,,,,,,,,,,,,,,,,,,,,,,,,,,,,,,
458,United Brewerie,UBL,,42,46,59,-64,-40,-60,-3,9,3,17,10,24,,,,,,,,,,,,,,,,,,,,,,,,,,,,,,,,,,,,,,,,,,,,,
459,UPL,UPL,,353,-31,-170,105,-144,-93,-21,-6,34,-16,61,-233,,,,,,,,,,,,,,,,,,,,,,,,,,,,,,,,,,,,,,,,,,,,,
460,V-Guard Ind,VGUARD,,3,-2,-5,10,-10,-1,5,8,-10,80,-61,-34,,,,,,,,,,,,,,,,,,,,,,,,,,,,,,,,,,,,,,,,,,,,,
461,V-Mart Retail,VMART,,0,0,0,14,-14,1,-1,1,11,-1,-8,-1,,,,,,,,,,,,,,,,,,,,,,,,,,,,,,,,,,,,,,,,,,,,,
462,Va Tech Wabag,WABAG,,34,4,42,18,-9,4,-41,-12,-44,1,59,19,,,,,,,,,,,,,,,,,,,,,,,,,,,,,,,,,,,,,,,,,,,,,
463,Vaibhav Global,VAIBHAVGBL,,0,8,-5,9,-5,28,-31,6,16,151,-164,-21,,,,,,,,,,,,,,,,,,,,,,,,,,,,,,,,,,,,,,,,,,,,,
464,Vakrangee,VAKRANGEE,,0,13,8,5,-2,8,150,577,269,-682,-8,0,,,,,,,,,,,,,,,,,,,,,,,,,,,,,,,,,,,,,,,,,,,,,
465,Vardhman Text,VTL,,-135,-173,10,-32,26,123,101,-175,27,-28,111,295,,,,,,,,,,,,,,,,,,,,,,,,,,,,,,,,,,,,,,,,,,,,,
466,Varroc Engineer,VARROC,,,,,,,-2,-6,-6,13,0,102,,,,,,,,,,,,,,,,,,,,,,,,,,,,,,,,,,,,,,,,,,,,,,
467,Varun Beverages,VBL,,,,,,,,,,,,,,8,7,-15,4,1,-6,16,-4,16,-29,,,,,,,,,,,,,,,,,,,,,,,,,,,,,,,,,,,10
468,Vedanta,VEDL,,14,843,-804,-38,2095,-76,1200,-650,228,2053,-1364,-1,,,,,,,,,,,,,,,,,,,,,,,,,,,,,,,,,,,,,,,,,,,,,
469,Venkys,VENKEYS,,-2,2,39,-2,-24,-1,18,-12,-18,0,-4,2,,,,,,,,,,,,,,,,,,,,,,,,,,,,,,,,,,,,,,,,,,,,,
470,Vinati Organics,VINATIORGA,,0,0,30,2,9,-16,45,59,70,-83,109,1,,,,,,,,,,,,,,,,,,,,,,,,,,,,,,,,,,,,,,,,,,,,,
471,VIP Industries,VIPIND,,7,-8,8,-4,-1,-3,0,2,10,-11,-3,3,,,,,,,,,,,,,,,,,,,,,,,,,,,,,,,,,,,,,,,,,,,,,
472,Vodafone Idea,IDEA,,-2064,11,-1254,911,-950,12613,-779,-613,4,592,-271,1847,,,,,,,,,,,,,,,,,,,,,,,,,,,,,,,,,,,,,,,,,,,,,
473,Voltas,VOLTAS,,3,-26,-177,54,-51,-59,-17,79,-32,53,-45,125,,,,,,,,,,,,,,,,,,,,,,,,,,,,,,,,,,,,,,,,,,,,,
474,VRL Logistics,VRLLOG,,-6,-3,-1,2,0,2,2,-7,7,-6,0,4,,,,,,,,,,,,,,,,,,,,,,,,,,,,,,,,,,,,,,,,,,,,,
475,VST,VSTIND,,-7,23,7,10,-1,-6,-22,-2,17,-2,0,9,,,,,,,,,,,,,,,,,,,,,,,,,,,,,,,,,,,,,,,,,,,,,
476,WABCO India,WABCOINDIA,,29,17,69,18,56,68,-10,46,88,-297,11,-25,,,,,,,,,,,,,,,,,,,,,,,,,,,,,,,,,,,,,,,,,,,,,
477,Welspun Corp,WELCORP,,2,-305,24,-214,-365,81,-56,22,78,-23,1,799,,,,,,,,,,,,,,,,,,,,,,,,,,,,,,,,,,,,,,,,,,,,,
478,Welspun India,WELSPUNIND,,-6,8,9,93,24,-7,-97,25,14,-14,-11,-3,,,,,,,,,,,,,,,,,,,,,,,,,,,,,,,,,,,,,,,,,,,,,
479,Westlife Dev,WESTLIFE,,-8,0,0,12,-12,0,0,0,0,0,0,8,,,,,,,,,,,,,,,,,,,,,,,,,,,,,,,,,,,,,,,,,,,,,
480,Whirlpool,WHIRLPOOL,,-16,-8,33,73,137,244,315,202,-77,79,221,40,,,,,,,,,,,,,,,,,,,,,,,,,,,,,,,,,,,,,,,,,,,,,
481,Wipro,WIPRO,,1255,-461,1030,1568,2754,4388,-6577,-4981,-1440,8468,54,677,,,,,,,,,,,,,,,,,,,,,,,,,,,,,,,,,,,,,,,,,,,,,
482,Wockhardt,WOCKPHARMA,-138,30,92,-85,70,-81,575,-614,1,46,109,-69,,,,,,,,,,,,,,,,,,,,,,,,,,,,,,,,,,,,,,,,,,,,,,
483,Zee Entertain,ZEEL,,190,-146,-78,164,-74,138,182,172,47,358,-476,88,,,,,,,,,,,,,,,,,,,,,,,,,,,,,,,,,,,,,,,,,,,,,
484,Zensar Tech,ZENSARTECH,,6,6,3,15,3,-5,34,-27,-32,96,-89,6,,,,,,,,,,,,,,,,,,,,,,,,,,,,,,,,,,,,,,,,,,,,,
485,Zydus Wellness,ZYDUSWELL,,50,-13,39,19,18,131,1,4,2,4,-15,50,,,,,,,,,,,,,,,,,,,,,,,,,,,,,,,,,,,,,,,,,,,,,
